network,outage_size,outage,count,cer,diagonal,equal,robust,common
0,1,0,0.260051052714413,0.2518132711783052,0.25488617308838846,0.28901506368586616,0.2517808357608733,0.2516714480863047
0,1,1,0.30799681165523884,0.2992565245185034,0.3013833055017002,0.30610918407831544,0.29922403904995987,0.2947323525993189
0,1,2,0.2924482720193434,0.28333883013657274,0.28339467429484216,0.28432949795914597,0.28333883013657274,0.28180267275918813
0,1,3,0.31526054191792063,0.3070592482280159,0.3105250026779504,0.3122041486215358,0.307125435873581,0.30271527238020357
0,2,"0,1",0.26267270647142005,0.25636789570458046,0.2681566087826079,0.2894382011518313,0.25637287714625473,0.25431934557907604
0,2,"0,2",0.2470415933517799,0.2441081112383695,0.24225934215456316,0.24225934215456316,0.24337924902263652,0.24491524564485023
0,2,"0,3",0.27452121854855605,0.2761967269236911,0.2826027708993004,0.3014477870698512,0.28197931549422006,0.2659509448405819
0,2,"1,2",0.30278989795886685,0.28531593307992154,0.28579531280776393,0.2863819864089645,0.28531593307992154,0.2814331146043464
0,2,"1,3",0.33747774644779727,0.3370344514390321,0.3392096905438075,0.3392096905438075,0.3392096905438075,0.336784634359079
0,2,"2,3",0.305496094861967,0.29441936854179884,0.2954070264574966,0.29562205640253514,0.29478965817363567,0.2903152556749586
1,1,0,0.11645291601368893,0.1131407088433333,0.11389157401137462,0.11585960428425138,0.1131407088433333,0.11240348073852727
1,1,1,0.13591133184298748,0.12613424335050188,0.12800883002417657,0.13071283936316014,0.12615231469384797,0.12324988875102144
1,1,2,0.11901675307357806,0.1171544699614727,0.11803498093024956,0.11820389698557549,0.1171544699614727,0.1159375881597927
1,1,3,0.13092791909357102,0.12953840472882505,0.1324662998589569,0.1324662998589569,0.12955665667342647,0.12777731887641405
1,2,"0,1",0.12171272755418341,0.11460172106353556,0.11908504772706535,0.1221892045301942,0.11460172106353556,0.11305001190891661
1,2,"0,2",0.10756164084833975,0.10628092482530761,0.10623068343372245,0.10638045649991734,0.10628092482530761,0.10643005184916528
1,2,"0,3",0.1272042785042013,0.12174434551384769,0.12734092730734362,0.12735938585197848,0.12369917645905429,0.11850484262482641
1,2,"1,2",0.12914740219231713,0.11843268897434236,0.11984723123611501,0.12308127507123469,0.11843268897434236,0.11623730054802636
1,2,"1,3",0.1484458189191973,0.14798695710459098,0.1491244096293422,0.1491244096293422,0.14910313969136926,0.14783844630468002
1,2,"2,3",0.12753967900757823,0.12269865308769777,0.12636414306069702,0.12673162731338072,0.12433267423877367,0.12067623948878248
2,1,0,0.13857980210926474,0.13801979905577766,0.13869169231583572,0.14188115245359395,0.13803302237937468,0.13763003802735205
2,1,1,0.1595632046426358,0.1444239282671238,0.1601476331108624,0.1616105777862832,0.1444002725854155,0.14208654684357958
2,1,2,0.13687263148752102,0.13599632618289437,0.14063049402105537,0.14160707771012807,0.136339354724443,0.13533483251108944
2,1,3,0.15752099768432065,0.15014527692546084,0.15831552027202309,0.15831552027202309,0.15414998870857713,0.14844228271025794
2,2,"0,1",0.15777124845241763,0.1392347419418894,0.14490487196460966,0.15334902916769877,0.1392629648045775,0.13806083368808508
2,2,"0,2",0.13273308340650086,0.13113390720533386,0.13112115936683666,0.13120233660236122,0.13113390720533386,0.13105539998955287
2,2,"0,3",0.15475602744029324,0.14960232643313381,0.15665259198342357,0.1574477071676932,0.15315071400648803,0.1445563921515353
2,2,"1,2",0.15774407522368258,0.13932601660553157,0.14596470442680717,0.1526072261745744,0.1393743428188025,0.13750149970770167
2,2,"1,3",0.18315547802794158,0.18217741062187973,0.1836363090324423,0.1836363090324423,0.18357855910257034,0.18203524299866566
2,2,"2,3",0.1499642229986925,0.1500958454441607,0.15529813577294344,0.1556636787348048,0.15317167394906517,0.1427502920364142
3,1,0,0.11173996417042836,0.11048639408729671,0.11174256114877423,0.11386563552633051,0.11048639408729671,0.10999592520395762
3,1,1,0.1275319196413351,0.1248400243491581,0.12530598923674674,0.12582832874265099,0.12481085743885492,0.12234804351236411
3,1,2,0.11537115744191981,0.1149059065894262,0.11514378349436988,0.11563536814856017,0.1149059065894262,0.11434192652957716
3,1,3,0.13834626875196165,0.1280708355628405,0.1308242603316269,0.1308242603316269,0.128087292941161,0.12650558563817454
3,2,"0,1",0.11736447021725116,0.11277400443248609,0.11572043989030542,0.1196865031282223,0.11277400443248609,0.11067080548357404
3,2,"0,2",0.10395731221823504,0.10448684028849248,0.103797708521669,0.10396448882481532,0.10428226756015224,0.10520516069783416
3,2,"0,3",0.12858262510209945,0.11910921988138083,0.12423142768998036,0.1253185489265355,0.12160298533283934,0.1159620651553393
3,2,"1,2",0.12239735003365754,0.11708298129290978,0.11767214368093804,0.1203205568320363,0.11708298129290978,0.11484817221344995
3,2,"1,3",0.1455936295741156,0.14467257862617044,0.1459104293434365,0.1459104293434365,0.1458870689145776,0.14451884774292661
3,2,"2,3",0.126990947180884,0.12096494178744888,0.12324426127066157,0.12437163329801312,0.1215068382900783,0.1191556102974523
4,1,0,0.08960399082188027,0.08927555574644591,0.09196530721666223,0.0919621196334198,0.08925796632355591,0.08874060871792797
4,1,1,0.10133894447018897,0.09712132450446909,0.10095625465811323,0.101983751990536,0.09708507003153019,0.0954891683125833
4,1,2,0.09355498833418377,0.09175824920838604,0.09287739180065017,0.09338610072537269,0.091913801680021,0.09104591203768925
4,1,3,0.1052493820411601,0.10336094795849934,0.10565226263237427,0.10684815190363628,0.10343663550010254,0.09938734865635787
4,2,"0,1",0.09604652373683001,0.09103988716795143,0.09518401111289264,0.09811383121938969,0.0910400138521173,0.08960101004851798
4,2,"0,2",0.0851494835824379,0.08529657957305276,0.08508321619107753,0.08522133328651647,0.08527144669222855,0.08572179530362226
4,2,"0,3",0.0987551892359407,0.0972320133908786,0.10191290523648394,0.1026124660128662,0.09944369845002266,0.09377770922395523
4,2,"1,2",0.09590568299079909,0.0937617291316905,0.09610486177406244,0.09864440403699815,0.0937617291316905,0.09199137248751986
4,2,"1,3",0.11889775664672862,0.11845182110773311,0.11949730121402727,0.11949730121402727,0.11949730121402727,0.11835016123756784
4,2,"2,3",0.10143705614780199,0.09821928407604104,0.10140895617625496,0.10191117360679011,0.09960687262406107,0.09550999820563513
5,1,0,0.1637587405773731,0.16118424535758386,0.1639172581129258,0.1660819631966155,0.16118424535758386,0.16099452045160906
5,1,1,0.18286898552221198,0.18097265014669067,0.1809432225103541,0.18323185822830282,0.18094707363677043,0.17744477733514508
5,1,2,0.16337698453667082,0.16273341716999973,0.1630791340853502,0.1665418430965867,0.16273341716999973,0.1623646249807239
5,1,3,0.193529869509941,0.18681733625642158,0.1873826825645207,0.18805137513154382,0.18681733625642158,0.18323976940994408
5,2,"0,1",0.17444814621911833,0.16367344663741193,0.16803695592406948,0.17264322240181684,0.16365004915101006,0.16162119456557641
5,2,"0,2",0.14892190586761822,0.14997767399281542,0.1484029580347496,0.14868896127744846,0.14912379573424267,0.1505022236228789
5,2,"0,3",0.18872027320666537,0.1728745360953651,0.17775499717656568,0.18013321176944824,0.17568837740691093,0.16916342079430713
5,2,"1,2",0.17442939391433865,0.16532922148396403,0.1691470940469234,0.17172169153705227,0.16533247327539763,0.16327216101608372
5,2,"1,3",0.2079326924273421,0.2074100443627318,0.20842777791707695,0.20842777791707695,0.20842777791707695,0.2070872592158065
5,2,"2,3",0.18393842474937727,0.17246929673922806,0.17762829889114365,0.1786790687497482,0.17512847973979956,0.16932161216374758
6,1,0,0.07937270892474874,0.07873994583409638,0.07927652302568441,0.07927652302568441,0.07881430833260064,0.0779480422072244
6,1,1,0.09130840465425855,0.08345551363294254,0.08790584098491425,0.08997882935309785,0.08343564884106164,0.08043760963318318
6,1,2,0.07745736951365463,0.07699076501203701,0.07977639574597159,0.08032504481870172,0.07699076501203701,0.07633923936788863
6,1,3,0.08837421527364214,0.08572765339272403,0.0895127337205316,0.0896557661811589,0.08695309576023061,0.08402412291138393
6,2,"0,1",0.08045639689324133,0.07934481103513291,0.0825079009043701,0.085014332630091,0.07934481103513291,0.07806479416053605
6,2,"0,2",0.07425783461734803,0.07394061679953598,0.07392001734333745,0.07398555715571187,0.07392088362599968,0.07389420359890289
6,2,"0,3",0.08523410635249204,0.08400602097687136,0.08693597252656539,0.08813275607708945,0.08576424672409758,0.08175272615711088
6,2,"1,2",0.08228740335667298,0.07838025616147341,0.08308331295538426,0.08558879385935635,0.07840828970360635,0.07740476551285999
6,2,"1,3",0.10398160602271984,0.10259826056340637,0.10340000207981709,0.10340000207981709,0.10340000207981709,0.1024807700592715
6,2,"2,3",0.08416378871157652,0.08419991147739544,0.08719543495731627,0.08734081234392113,0.08571264479105133,0.08037044666433804
7,1,0,0.17758843394725393,0.1718524506941595,0.17202925343868455,0.17202925343868455,0.1718524506941595,0.16999064484400273
7,1,1,0.19157470830259057,0.18930954192729105,0.1893297687557371,0.18944793649640473,0.1893297687557371,0.18486943485717583
7,1,2,0.18255494862395277,0.16180425458828562,0.16286439759159507,0.16494995525893497,0.16180425458828562,0.1613797484504365
7,1,3,0.1928318144330457,0.19176347489445414,0.19202157548762583,0.19202157548762583,0.19178865859985367,0.19021156607298823
7,2,"0,1",0.1829371379734443,0.17329413144635,0.1735949602326517,0.17374821244274374,0.17329413144635,0.16889452356793744
7,2,"0,2",0.15378822900586026,0.15043749414727736,0.15008827869785335,0.15032836659953258,0.15042624764523624,0.1508601194561305
7,2,"0,3",0.18801256630196217,0.17938456787557672,0.1802189494628697,0.1814917719147448,0.17938456787557672,0.1768354098990354
7,2,"1,2",0.17423536126491404,0.16477708461152607,0.17011294921206327,0.1739861293894504,0.16477708461152607,0.16274996000509478
7,2,"1,3",0.21084464266729255,0.21043229207540531,0.21081410685566207,0.21081410685566207,0.2107424133744699,0.21009835952720268
7,2,"2,3",0.17245210047457643,0.17218344801760693,0.17908573962495145,0.17937383113452815,0.17557156636932794,0.16904561911654856
8,1,0,0.11356740494781084,0.11036635164512312,0.11088624184843004,0.11088624184843004,0.11043120332935807,0.10927870595941933
8,1,1,0.12419418284575676,0.11940580767202477,0.12017342065899173,0.12376675616524126,0.11939283198053102,0.11649193628246904
8,1,2,0.1069946747317039,0.10389934218611246,0.10627149952306619,0.10745801704478482,0.10389934218611246,0.10323277718438664
8,1,3,0.12504106434413498,0.12270671606832419,0.12333434447578266,0.12333434447578266,0.12270859868414752,0.12048027624146265
8,2,"0,1",0.1142417913726152,0.11104243623316865,0.11162387581461777,0.11358286389700022,0.11104243623316865,0.10864654243653021
8,2,"0,2",0.09762890805909064,0.09755047858882852,0.09734377434814268,0.09749763260763894,0.0974874118791446,0.0979598056916742
8,2,"0,3",0.11957656043604928,0.11658119190363916,0.11748922815571108,0.11844955128680275,0.11682149623640298,0.1137808216214672
8,2,"1,2",0.11916822188033235,0.1063503860525087,0.11017017630639184,0.11293484523023815,0.1063503860525087,0.10449832451987792
8,2,"1,3",0.13728841158118635,0.13651422822847642,0.1368898705438469,0.1368898705438469,0.1368898705438469,0.13614154009094181
8,2,"2,3",0.11780058610933265,0.11240297033096042,0.11615272167347362,0.11638308833657118,0.11443508270315779,0.10849251384872759
9,1,0,0.10100137592403029,0.09845987144935738,0.10251442940170954,0.10410884403003047,0.09839120821240335,0.09844347793794535
9,1,1,0.11604647231679227,0.11303165655515829,0.1153631775956992,0.1153631775956992,0.11297680223414006,0.11076237298969915
9,1,2,0.10852554787071356,0.10736038914269494,0.1076462395098487,0.10769327852829881,0.10736160127727051,0.10680734896059839
9,1,3,0.1242481519599154,0.11656603578298519,0.12060798162012842,0.12114728301004332,0.11681585398267402,0.11455458963574411
9,2,"0,1",0.10457918318301253,0.10088346595267034,0.1066393796916731,0.10890519293854573,0.10088346595267034,0.09972986690525534
9,2,"0,2",0.09549274982927067,0.09606479058411846,0.09546354093694785,0.09566867926812866,0.09596117281684957,0.09647725779001365
9,2,"0,3",0.11865523219782782,0.10906963955089288,0.11489817813070638,0.11561792125953878,0.11204783240497859,0.10413004986684647
9,2,"1,2",0.1125467773672936,0.10900398061083402,0.10938090080438681,0.11088711760654532,0.10900398061083402,0.10712628179178249
9,2,"1,3",0.13297620381278807,0.13283000157444372,0.13395956065023387,0.13395956065023387,0.1339147144785966,0.13276345516189028
9,2,"2,3",0.11642982891823696,0.11246136930252368,0.11363571485202142,0.11414311550609811,0.11294282710220674,0.11099779834269755
10,1,0,0.11674658184543743,0.11413240161474919,0.11600258770330046,0.11785632025354664,0.11413240161474919,0.11362614597470247
10,1,1,0.12907637930208532,0.12327875494607901,0.12762650207769838,0.13009272171222191,0.12327803950158414,0.12079962974009979
10,1,2,0.11666442283602108,0.11388689046018655,0.11660976413956431,0.1177676643541844,0.11388689046018655,0.11342227888803462
10,1,3,0.13033883844323196,0.12781926002436694,0.13493432307818765,0.1351077839956486,0.12782109493564486,0.1258928773153092
10,2,"0,1",0.12122042384222145,0.11598547637313528,0.12023515169794198,0.12382324612258694,0.11598547637313528,0.11444858456884274
10,2,"0,2",0.10762779307543893,0.10780010864575482,0.10752599918468587,0.10771367907085624,0.10777629600427946,0.10808249750279075
10,2,"0,3",0.13148190742401367,0.12271044083971455,0.1284673201421458,0.12971077650004154,0.12592633633824032,0.12000392143300609
10,2,"1,2",0.12229976488684258,0.11675377099237083,0.121483491192062,0.1246573562461385,0.11675377099237083,0.11486690858833304
10,2,"1,3",0.15050964477823442,0.14985442021478163,0.15104044587961607,0.15104044587961607,0.1509697441423602,0.14964954567743616
10,2,"2,3",0.13298278864481733,0.12378401416979856,0.1279381821362694,0.1288393807077299,0.1255951437539135,0.11933273892076413
11,1,0,0.13476452615365797,0.13332705602139003,0.1378596028453542,0.13898224750919994,0.13332705602139003,0.13235573113855637
11,1,1,0.16105133784675302,0.15549647427412355,0.15960384659352186,0.16071928325967993,0.15545593994044363,0.1533692056091674
11,1,2,0.1507587949374411,0.14909038352807616,0.1490874280714335,0.14914200534253594,0.14909038352807616,0.1482425918207962
11,1,3,0.16212041447658337,0.15998601692014852,0.16269152936481235,0.16269152936481235,0.16000411849541496,0.15798098312263323
11,2,"0,1",0.14515086865036703,0.13596339645232092,0.14319987346232674,0.14796790574694607,0.13596339645232092,0.1343193179693163
11,2,"0,2",0.12848539691822197,0.12845185310927432,0.128298989118664,0.12848854020614786,0.12845185310927432,0.1287651812273919
11,2,"0,3",0.14459379540782308,0.14673205082266344,0.1533898260853059,0.1548701355572006,0.15051754213108015,0.14035339884135364
11,2,"1,2",0.1571436855573204,0.14915365295324418,0.14919769188798385,0.14970231535500245,0.14915365295324418,0.14740306823857044
11,2,"1,3",0.1790244969747121,0.17849333752496577,0.17997816068337935,0.17997816068337935,0.17997816068337935,0.17842400829665206
11,2,"2,3",0.1578651596575931,0.15430092641708393,0.15480615940550668,0.15480615940550668,0.1543661864358991,0.15234007038318298
12,1,0,0.45147349917933255,0.44085023341534735,0.45706047415457096,0.45706047415457096,0.44085023341534735,0.4399978705506397
12,1,1,0.4809764303385877,0.47014019276661234,0.50565977491561,0.50565977491561,0.46963188816553936,0.46677989440744655
12,1,2,0.4567495251904289,0.45569744551597213,0.4628109471205079,0.4628109471205079,0.45569744551597213,0.4549944779240732
12,1,3,0.4920913617702753,0.4921754210124844,0.5510087570872864,0.5510087570872864,0.4928965689335255,0.4863205350307677
12,2,"0,1",0.46917008844347796,0.4512111756142444,0.484659221813591,0.4996468367796244,0.4511786181889919,0.44945898442941434
12,2,"0,2",0.43351734997770086,0.4338800312921337,0.4334024193533449,0.4341240046053608,0.43387054067440645,0.43430167530896646
12,2,"0,3",0.5266966562505215,0.4902344615853245,0.5202212174826195,0.5222127939935609,0.5202212174826195,0.46803290091384075
12,2,"1,2",0.49757926946134656,0.4634378479682256,0.48938525318446136,0.5026349801568736,0.46348423538387395,0.4613213796271345
12,2,"1,3",0.6128030992632183,0.6028556018086848,0.6085498089400553,0.6085498089400553,0.6084486668228243,0.6027558617038826
12,2,"2,3",0.5398366851436432,0.4919480947751694,0.5315432856718787,0.5315432856718787,0.4919480947751694,0.4793035238815445
13,1,0,0.1717306505877994,0.16994343445818283,0.17022423032450484,0.17031154529964784,0.17002022005945905,0.16882519472957588
13,1,1,0.19973773055745825,0.17338287498281088,0.18364972624427855,0.19019503259352386,0.17338287498281088,0.17165207447498346
13,1,2,0.16166431738965253,0.16090985218945547,0.1636533169242947,0.17184489711956502,0.16158856398792476,0.16046207939637455
13,1,3,0.18590299409966252,0.18095373989329078,0.18735975855626863,0.18735975855626863,0.18385638461855874,0.17953704794243486
13,2,"0,1",0.18526391081824733,0.16833511876634982,0.17397413008713086,0.17901816378459098,0.16833511876634982,0.166965930898999
13,2,"0,2",0.15636625260188847,0.15597220291395583,0.1559767788580033,0.15605447500879518,0.15597220291395583,0.1558908835159718
13,2,"0,3",0.18232589656078907,0.17794269955200198,0.18591028184152614,0.18610362986056037,0.1822663725037029,0.17519934406620088
13,2,"1,2",0.18532503215393073,0.16383162819142766,0.17562809328500567,0.18029641497818416,0.16383162819142766,0.16307042550804896
13,2,"1,3",0.22275269125932293,0.2167864638431276,0.21836532586626572,0.21836532586626572,0.21836532586626572,0.2166733383194065
13,2,"2,3",0.18305159106035726,0.1782038643078532,0.18489998185174517,0.18525710151001432,0.18186433443211153,0.1692676164449075
14,1,0,0.12330738086598936,0.12296270821198872,0.12335985946370429,0.12418930578141246,0.12305938008212494,0.12138460820811911
14,1,1,0.13623723093777146,0.12712460963320799,0.13307341746557816,0.14495311066669198,0.12701242925913533,0.12448754103207675
14,1,2,0.12560167226428678,0.12325844581577688,0.1239370246304819,0.12488029152152218,0.12346458777931232,0.12254340739776
14,1,3,0.13162468402133837,0.13208974014983674,0.1330049295476714,0.1330049295476714,0.1330184128333231,0.12989183906531793
14,2,"0,1",0.13089420938327667,0.12231217808992223,0.1277416327191664,0.13027532390258317,0.12231217808992223,0.12084110416329241
14,2,"0,2",0.11876620301038628,0.1177205134637353,0.1177205134637353,0.1177205134637353,0.1177205134637353,0.11725932566634742
14,2,"0,3",0.129386265463463,0.13110236663422464,0.13157095270201025,0.13157095270201025,0.13157095270201025,0.12616401438034547
14,2,"1,2",0.14501549342248016,0.12331491937918655,0.13035367675034815,0.13781798694764524,0.12331491937918655,0.12225239396100326
14,2,"1,3",0.16438887081626047,0.16122441350792793,0.16222802736620945,0.16222802736620945,0.16222802736620945,0.1611547452311916
14,2,"2,3",0.1296044183786913,0.13168508846457955,0.13262347265875507,0.13262347265875507,0.13247314949111266,0.1269358147158668
15,1,0,0.08327877837870432,0.08130723364019155,0.08268346613008563,0.08319867664987385,0.08130723364019155,0.08063381584812979
15,1,1,0.09277626869867302,0.08859893009772225,0.08932042133914342,0.09275844991997528,0.08858822700389214,0.08664668098067621
15,1,2,0.08224396659835237,0.0818770106664273,0.08309010782419501,0.08370251010870891,0.0818770106664273,0.08161987434107561
15,1,3,0.09257746974399969,0.09198609437840774,0.09412283255221535,0.09527126300781334,0.09210302894568231,0.09009611804729106
15,2,"0,1",0.08704350849641693,0.08293136166385584,0.08536934286694539,0.08808093108566004,0.08293136166385584,0.08128821833018568
15,2,"0,2",0.07676258485307177,0.07674744948682492,0.07655534658982253,0.07668177033512633,0.07668997655235013,0.07700549381014503
15,2,"0,3",0.09033837152240384,0.0878941201412204,0.0912977199285134,0.0918550420851419,0.08972103656934362,0.08513449412603885
15,2,"1,2",0.08893681326744997,0.08366267958251769,0.08601570341037226,0.08889760298944864,0.08366267958251769,0.08236780291619641
15,2,"1,3",0.1069212294939565,0.10664551515555051,0.10739974102255836,0.10739974102255836,0.10739974102255836,0.10649945335157687
15,2,"2,3",0.09214033021858607,0.08770890020011896,0.09140475662080522,0.0917357960211228,0.08944354161000309,0.08556662493484227
16,1,0,0.09938342350968404,0.0979393452868397,0.09794979059363196,0.09834605529097915,0.09794979059363196,0.0966301838369035
16,1,1,0.11119394069978532,0.10671262275313717,0.10671550300452225,0.10924944616097462,0.10671187256166847,0.10473078060982326
16,1,2,0.09863652316632673,0.0948891768230908,0.09590924191981381,0.09678966878132501,0.0948891768230908,0.09393423727480545
16,1,3,0.11117010402507223,0.10961759309631189,0.11025595256711054,0.11053055098064851,0.109619109078845,0.10818834007431062
16,2,"0,1",0.10509647006184711,0.0985038209271524,0.09878667588519695,0.10137216267304348,0.0985038209271524,0.09641033155783496
16,2,"0,2",0.08772211851357259,0.08770141197284652,0.087548198344172,0.08770481448979453,0.08770141197284652,0.0879728645118234
16,2,"0,3",0.1074435833986711,0.10300628956399195,0.10463787851914827,0.10581646799375066,0.103640698184079,0.10103890494386512
16,2,"1,2",0.10413682965431198,0.09644889357115988,0.09872719380959917,0.10130991216988552,0.09644889357115988,0.09472436788208576
16,2,"1,3",0.12363726762434388,0.122442073105827,0.12300746531955294,0.12300746531955294,0.12294323246209672,0.12224684806933857
16,2,"2,3",0.10690146010098821,0.1006353858599625,0.10463375514610168,0.10469667583450748,0.10253657550207196,0.09839821484381425
17,1,0,0.12588318174362154,0.1207306693779566,0.12509179843250268,0.1269921225153869,0.1207306693779566,0.12045573836119502
17,1,1,0.14509755379302572,0.1355781761357427,0.13709708767581233,0.14371981185544844,0.13552269493057761,0.13386048102877535
17,1,2,0.1318402395044891,0.1293522130444029,0.12973192965702318,0.12992702175117882,0.1293522130444029,0.1288817870260454
17,1,3,0.14588451699907962,0.14070887335582108,0.1460527366936511,0.14756560046899136,0.1407101228074805,0.1387939937020083
17,2,"0,1",0.1313849267465242,0.12322278672011158,0.1304914458418735,0.13428662057002916,0.12322278672011158,0.12218896431405095
17,2,"0,2",0.11679890812781274,0.11701245857356171,0.11674721350930611,0.11693381088507099,0.11701245857356171,0.1172489892497762
17,2,"0,3",0.13487311773068117,0.1334755384689726,0.13967238312213764,0.1412562600651417,0.1367532967673315,0.1277591914865295
17,2,"1,2",0.14013881965758873,0.13051775174315045,0.1318611989390497,0.13471789853408697,0.13051775174315045,0.1292425673637809
17,2,"1,3",0.16331336327987328,0.16241903955532563,0.1639476841968987,0.1639476841968987,0.1639091849115779,0.16234260347672935
17,2,"2,3",0.14017435548613233,0.13596796536658687,0.13915593329544124,0.1397926490288175,0.13659373404511288,0.13406476577713028
18,1,0,0.18611053535935795,0.17593970749950053,0.17684462324841743,0.1800006378165666,0.17602059663912561,0.17421053774046913
18,1,1,0.19961874057972762,0.19589819498646432,0.19614418305204112,0.1997247588649723,0.19593150022975486,0.19158164118467838
18,1,2,0.18577439873118462,0.180148305182918,0.18064267454699195,0.18109628198588312,0.180148305182918,0.17916031887076433
18,1,3,0.20153617525308515,0.20113803585009105,0.20432659908277667,0.20512219556035657,0.201297658262299,0.19844763992964107
18,2,"0,1",0.1965527108866613,0.1774446786461946,0.1832409510177974,0.18882644430639972,0.1774446786461946,0.17487474315706883
18,2,"0,2",0.1642519992495657,0.1638838367300163,0.1638720280941352,0.1641186691163036,0.16386415482107544,0.16408254406516012
18,2,"0,3",0.18973618099843134,0.18745947707581612,0.19603665861042358,0.1977030480492969,0.19212721104176797,0.1834257308175809
18,2,"1,2",0.1997223822090622,0.18152227213431732,0.18477429529184386,0.1900070224139475,0.18152227213431732,0.1796459735661825
18,2,"1,3",0.22854502560320594,0.22828904103007353,0.23010567934673667,0.23010567934673667,0.23010567934673667,0.22807269706265904
18,2,"2,3",0.19411810656105882,0.18890323272606857,0.1955001703636318,0.1965176305472551,0.19157132261757814,0.1865095666235229
19,1,0,0.1340091740134897,0.12700354849687934,0.12724151216046548,0.12773166807275957,0.12700354849687934,0.12637386389939576
19,1,1,0.1437645167149891,0.1409197513701031,0.14312906608010792,0.14324423413831425,0.1409531869139073,0.13883567328649765
19,1,2,0.12924790130358335,0.12479492587620106,0.12767801717423974,0.1278832240629586,0.12479492587620106,0.12437861641583556
19,1,3,0.15318333933477013,0.14528383383103216,0.1458910751007555,0.1458910751007555,0.14531685840408964,0.14317345042780463
19,2,"0,1",0.143542585487814,0.12833512931229518,0.12872737540697338,0.13245664564427037,0.1283334941554608,0.12648596074287416
19,2,"0,2",0.11502556308264546,0.11596741466939367,0.114797418299552,0.11496482421036225,0.11537558000623109,0.11653330075961067
19,2,"0,3",0.1519009478379032,0.1349046617692196,0.13782245317293637,0.13869036098891632,0.13537627594733231,0.1326866480884919
19,2,"1,2",0.13298091421537733,0.12705247018642485,0.1305348875193251,0.13249283785577565,0.12707444264008547,0.12531326020982786
19,2,"1,3",0.1612543528591975,0.16056766293251437,0.16112444227448647,0.16114224071233854,0.16112444227448647,0.16027998573919022
19,2,"2,3",0.1431095604112584,0.13270723529196551,0.13738129569305835,0.1375510616165622,0.13580763894351583,0.129953236825821
20,1,0,0.11173118745143726,0.10902039733237881,0.10923127237375427,0.1097048594791166,0.10897192620196688,0.10843447282503287
20,1,1,0.11529974765394357,0.11514571145809303,0.11688781990542614,0.11688781990542614,0.11513965622296637,0.11355229726946126
20,1,2,0.10664478790909167,0.10428458159964166,0.10737702629987743,0.10759814175141813,0.10417683061310365,0.10423780335450189
20,1,3,0.12951149845535356,0.12038985761557262,0.12365475643249639,0.12898823479626215,0.12072046188512471,0.11814980554025281
20,2,"0,1",0.11370255842299629,0.11055932518320685,0.11139333271167,0.11413480574229645,0.1105639500878424,0.10868707766185773
20,2,"0,2",0.09988678452567427,0.10059408430499824,0.09966696753053239,0.09976124184754193,0.10005925654959562,0.1012140991869527
20,2,"0,3",0.11824503164056187,0.11649050411294525,0.11843970530861136,0.11956085323973847,0.11667123064649676,0.11383664012323866
20,2,"1,2",0.11219386247444568,0.10647091083408895,0.11176324276781964,0.11391211079380086,0.10649770669521381,0.1052079184162641
20,2,"1,3",0.14007052168690037,0.13917003429404612,0.13963999309714586,0.13963999309714586,0.13963999309714586,0.13892765150972597
20,2,"2,3",0.1169070535931335,0.11385746862264244,0.11760756359971916,0.11760756359971916,0.11585467630142163,0.10927040940417612
21,1,0,0.10947238064378388,0.1064599864795055,0.1100965484942158,0.11084077671392023,0.1064599864795055,0.10586556805214019
21,1,1,0.12274070517966558,0.1188238596960012,0.12265501853845219,0.12358393896232367,0.11877925588227589,0.11665218849139786
21,1,2,0.1140632400154332,0.11270794745151907,0.11293712871524061,0.11366934241329979,0.1126961329780945,0.11216356859645335
21,1,3,0.13035747465435032,0.12421282908334931,0.12770566435050185,0.12834882213916457,0.12423419264457514,0.12109097546736072
21,2,"0,1",0.11487399414071808,0.10897113669370737,0.11461794319011084,0.11799180390186242,0.10897113669370737,0.10727302215091983
21,2,"0,2",0.10251477643248397,0.10288535601992871,0.10248475152528308,0.10264553647735232,0.10276920574009002,0.10329560568887775
21,2,"0,3",0.1253396286861115,0.11738299946188016,0.12272178228183431,0.12351681058000756,0.12014860873964547,0.11214267977193332
21,2,"1,2",0.12023837761822492,0.1146732720380419,0.11581328227339038,0.11862086517501993,0.1146732720380419,0.11276740273408148
21,2,"1,3",0.14326492144231137,0.14262149345715344,0.14387220145412333,0.14387220145412333,0.14384614360027043,0.14252075851497986
21,2,"2,3",0.12588072778920448,0.11895779067661272,0.12206077211694145,0.12282374789047995,0.12005113065066399,0.11705197882797092
22,1,0,0.10806546466603804,0.10756104549947387,0.10940661882046382,0.11138587199001318,0.1079695217426601,0.10705229608094019
22,1,1,0.11977871118155756,0.11421975077439406,0.11980778336620256,0.1246368400004836,0.1141482295054724,0.11266492156065117
22,1,2,0.11090548513333816,0.10899201956198404,0.10992654702268684,0.11123307531407968,0.10908128393191731,0.10852060821464388
22,1,3,0.1228447369345608,0.11826105904140374,0.1229903407474789,0.1229903407474789,0.12152980058101137,0.11748883565065069
22,2,"0,1",0.12247253732497873,0.10825943264966167,0.11322330519513868,0.11765425782852118,0.10825943264966167,0.10753939044712425
22,2,"0,2",0.10332996437773047,0.10254243169395547,0.10254366426106529,0.10258638067324444,0.10254243169395547,0.10244314622454587
22,2,"0,3",0.12107872394547872,0.116571703752177,0.12181454209344633,0.12261822378287501,0.11987954984101241,0.11248512545571306
22,2,"1,2",0.11737884031222234,0.1100125729941489,0.11438376577638808,0.1184456459955057,0.1100125729941489,0.10917685364642661
22,2,"1,3",0.1447499050680909,0.1423631829329203,0.14360464539987708,0.14360464539987708,0.14360464539987708,0.14231986839654842
22,2,"2,3",0.11612839032338801,0.11766659231640322,0.12164274236790198,0.1218116745830648,0.11968492726682345,0.11340362123947446
23,1,0,0.14380663721443931,0.13621162144904453,0.13905034826557316,0.14410248578521773,0.13621162144904453,0.1356238134512665
23,1,1,0.15148395712633483,0.14820531540549267,0.1528902573886444,0.15760349293432183,0.14814711134728153,0.1460388467756769
23,1,2,0.14404464782346926,0.1393290172316593,0.14068454421020893,0.1439449055819269,0.1393290172316593,0.13885639943832084
23,1,3,0.16116903985043113,0.15459112810676331,0.16158254161977947,0.16302529612003902,0.1559135063086746,0.15195046919949304
23,2,"0,1",0.14774711992242862,0.1385342011976129,0.14458718824207506,0.15100865890593584,0.13851030784323876,0.13703613067646847
23,2,"0,2",0.13032973655832356,0.12993417532445833,0.12980680295065372,0.12994814603109817,0.12993417532445833,0.13012197729833772
23,2,"0,3",0.16025035103215246,0.14853450388261324,0.15551075415654902,0.15617003962851184,0.15275779853324675,0.1434061114535579
23,2,"1,2",0.155188493407381,0.14186032412503402,0.14704132516517718,0.15067214345524746,0.14186032412503402,0.14017847455905075
23,2,"1,3",0.18198633552678795,0.18074663853706716,0.1823388623533248,0.1823388623533248,0.18225963304049742,0.18060804688486867
23,2,"2,3",0.15311723562511748,0.1494889256239549,0.15469126890314125,0.1553096256644727,0.1523116740619441,0.1455936341903275
24,1,0,0.13957240541299876,0.13449011778796066,0.13460519584951958,0.13510335538940005,0.13449011778796066,0.1332274521365554
24,1,1,0.14736999767018333,0.1454659541435078,0.14553316898580135,0.1472360040702712,0.1454659541435078,0.1431335546051219
24,1,2,0.129802084587448,0.12802374525023513,0.12878342456113318,0.13127459070141578,0.1280109324624676,0.126311517272294
24,1,3,0.15338623898806528,0.15078781044981,0.1513913301297426,0.1526230753343905,0.15078781044981,0.1479210612260322
24,2,"0,1",0.14261549701541837,0.13562123550254432,0.13562123550254432,0.1371317479198771,0.13562123550254432,0.13289594995807935
24,2,"0,2",0.11899115902642123,0.11914274800297106,0.1189210052765959,0.11911008922708746,0.11914274800297106,0.11998905599398471
24,2,"0,3",0.14695821243936205,0.14258409645440612,0.14304670515916387,0.1436251756572502,0.14258409645440612,0.13927884455735778
24,2,"1,2",0.13921402713795009,0.13014847984353978,0.13421440740635138,0.13789547933799787,0.13014847984353978,0.12763891463359459
24,2,"1,3",0.16786821637771468,0.16671742654310662,0.16702060708515343,0.16702060708515343,0.16695340280790252,0.1663153301532252
24,2,"2,3",0.14693152463488557,0.1364400360788489,0.1416664833069533,0.1420215276220671,0.13904827533498784,0.1326173228388443
25,1,0,0.09897399853145235,0.09658842868461534,0.09685509083009161,0.09711681381182437,0.09658842868461534,0.09592424404707264
25,1,1,0.110834275197108,0.10347469146495478,0.10411138894734323,0.10698588044417018,0.10346277920381144,0.10096821114867574
25,1,2,0.0955906598018515,0.09260056707821152,0.09490868940132595,0.09597151860528003,0.09260056707821152,0.09241191813525641
25,1,3,0.11036429757883338,0.10679846144815643,0.11027520763521798,0.11027520763521798,0.1068971588813088,0.10504642511695483
25,2,"0,1",0.11003674804442018,0.0975215426710431,0.0987962389090587,0.10150753411604546,0.0975215426710431,0.09574990089154345
25,2,"0,2",0.08830547634746358,0.08796941246827009,0.08782924991941056,0.08797912975255293,0.08794497146779306,0.08803873567089211
25,2,"0,3",0.10799016857766525,0.10212416810555114,0.10548163981270017,0.10612529275373497,0.10339857551737844,0.10039439911405428
25,2,"1,2",0.10321511940818286,0.09454621051051379,0.09972060759837573,0.10193651384924647,0.09459586087340836,0.09354254416161474
25,2,"1,3",0.124088754606037,0.12277347031254089,0.1234069242962528,0.1234069242962528,0.1234069242962528,0.12249595616013237
25,2,"2,3",0.10305973649455161,0.100492447695813,0.10495939758004852,0.10499118210967909,0.10286168148128882,0.09712706518601547
26,1,0,0.1348809332760088,0.1326288280450537,0.13380803105168082,0.13530620941261756,0.1326288280450537,0.13193263460606314
26,1,1,0.16260086347516262,0.1428309504884811,0.14407711337976065,0.14470397549152064,0.14280875925592101,0.14110745462200425
26,1,2,0.137027536209109,0.1340022350193762,0.13571636860079545,0.13671401678832978,0.1340140572056173,0.13301507476930255
26,1,3,0.15062850265114902,0.14846814590446275,0.15259047757941946,0.15259047757941946,0.14926265308202205,0.14672436793292554
26,2,"0,1",0.14084739965745624,0.1331851863989631,0.13905717337760148,0.14087659745307346,0.1331851863989631,0.13195215083608786
26,2,"0,2",0.12521435411092316,0.124200741782375,0.12419945111645184,0.12443972853011646,0.124200741782375,0.12425703458970705
26,2,"0,3",0.14465094930265043,0.14188523788564283,0.14907699404843272,0.14977176853600638,0.14525168257677037,0.13834119526666877
26,2,"1,2",0.1391696109764482,0.13548902271623703,0.139804108397633,0.14285894020802709,0.13548902271623703,0.13395953721049672
26,2,"1,3",0.17600169206038802,0.17278697830516404,0.17361546682797147,0.17361546682797147,0.17361546682797147,0.1726710563218632
26,2,"2,3",0.14758319815367654,0.143544574582417,0.1475446849958449,0.14771616722764686,0.14584380319935575,0.13905076884315015
27,1,0,0.1392198180717844,0.13823903708285398,0.14003933859205242,0.1401424075015591,0.13823903708285398,0.13777163224263236
27,1,1,0.15176993219809978,0.14428371131494516,0.15814440231600552,0.15828995525693867,0.14423058720962,0.14325140186272725
27,1,2,0.14025281872008039,0.138768993617081,0.14197060737183106,0.14197060737183106,0.13886893467217493,0.1384410283236005
27,1,3,0.15478849007515652,0.15408745463196388,0.16697461347960654,0.16697461347960654,0.15955330944944796,0.1494896020142755
27,2,"0,1",0.1450147224307618,0.14089091146554267,0.15042001667176125,0.1554986133880939,0.14089091146554267,0.1401132290265628
27,2,"0,2",0.13490706427529187,0.13468151330722053,0.13463364446252735,0.13481781488658623,0.13468151330722053,0.1347285077535574
27,2,"0,3",0.15690144427943525,0.1539934779321629,0.16149682317559955,0.16221944404697855,0.1578353997504,0.14620490148047652
27,2,"1,2",0.15139220775714027,0.14197680466239476,0.151965567091976,0.15589206176640394,0.14200915153558666,0.14118275305552055
27,2,"1,3",0.1893917897293722,0.18723127862587569,0.18905473993994465,0.18905473993994465,0.18903599561324408,0.18717661745145253
27,2,"2,3",0.15504069788716848,0.15433675970209926,0.16119124746156765,0.1617388181263225,0.15734417173843493,0.14655245084547952
28,1,0,0.13919307556966368,0.1379430272800259,0.13977262195977697,0.14052247334510376,0.1379430272800259,0.1369492537780987
28,1,1,0.1595417957987923,0.1504166362651107,0.15142643039379108,0.15770982748365361,0.15036084457150184,0.14568370040067574
28,1,2,0.14258323459291772,0.1401758624196209,0.14061617166647217,0.1423993675404263,0.1402826080135804,0.1381258477322746
28,1,3,0.15830374132327274,0.15405248509895078,0.1585368867076961,0.1585368867076961,0.1546080522301962,0.15168920172417433
28,2,"0,1",0.1512209654996995,0.1403418008452232,0.14511678916012033,0.14899499822243553,0.1403418008452232,0.13747451294220353
28,2,"0,2",0.1304912523745341,0.12988568209273732,0.12987778592509816,0.12998733042437155,0.12988568209273732,0.12969686009259845
28,2,"0,3",0.15115200584738098,0.1486772371155083,0.15535308765762662,0.15607264477473137,0.1515991297976599,0.14399208794103852
28,2,"1,2",0.15203949927486404,0.14285052107768187,0.14628502091973727,0.1500484083092585,0.14285052107768187,0.13906488337778866
28,2,"1,3",0.18148498625859671,0.18073113968577587,0.1820399325656225,0.1820399325656225,0.1820399325656225,0.1804378518958557
28,2,"2,3",0.1505212651455175,0.14843111332491263,0.15406085047797852,0.15438315451999668,0.1515425829656728,0.14449395555718256
29,1,0,0.14216698701943,0.138033565190278,0.1384002372746897,0.138545492684509,0.138033565190278,0.13706977531257808
29,1,1,0.15278137908892825,0.15077074880907243,0.15093880342619156,0.15339920113009126,0.1507248832490499,0.14694407717143868
29,1,2,0.13735447635330805,0.13374422774955774,0.13634180606823246,0.13683681929942249,0.13374422774955774,0.13300499637110452
29,1,3,0.15850633489782798,0.15501511562135564,0.15860994058055242,0.15860994058055242,0.15501511562135564,0.15230631830599825
29,2,"0,1",0.14855403362391567,0.14011761008860613,0.1418710262029137,0.14404078960217187,0.14011761008860613,0.13716980592350403
29,2,"0,2",0.12525270042459105,0.12563676664125054,0.1251543070832226,0.12532411415378125,0.1254889456268038,0.12617685838939535
29,2,"0,3",0.15670601197935302,0.14655919363789618,0.14902246752274392,0.15029565518296803,0.14756134071074795,0.14376676188181747
29,2,"1,2",0.1502470307040524,0.1370443334180328,0.14132855178806436,0.14497051728676197,0.1370443334180328,0.13443234087808792
29,2,"1,3",0.17646898262904,0.17506967351415642,0.17565470488033855,0.17565470488033855,0.17565470488033855,0.17470367330665898
29,2,"2,3",0.14696548167167295,0.14363990745982635,0.1485667291734629,0.148953764016031,0.1463205924833889,0.13964512298609344
30,1,0,0.10721793771899547,0.10397692488512876,0.10446290251091801,0.1059398468126596,0.10397692488512876,0.10345657617545037
30,1,1,0.11580930365402525,0.11150048025765749,0.11549827971058915,0.11742478690334189,0.11149419685421515,0.1095009432576495
30,1,2,0.10565963888998103,0.10298789141001574,0.10507545235081918,0.10590845804163446,0.1029543820240334,0.1019951977632195
30,1,3,0.12159531282237643,0.1165085731502839,0.12135728283183657,0.12153130471070384,0.11693369780774758,0.11406308373351173
30,2,"0,1",0.11182997103580734,0.1055281518782658,0.10916233416107526,0.11199858808459001,0.1055281518782658,0.10404406584102346
30,2,"0,2",0.09745821252001324,0.09734777750052129,0.09722586869103739,0.0973702380068447,0.09733370976907196,0.09765138566237683
30,2,"0,3",0.11803937508141679,0.11137271197019744,0.11656222253883648,0.11713297034829553,0.11383824413195595,0.10911017870561297
30,2,"1,2",0.10958083774493219,0.10537340035840347,0.10973489950546784,0.11278010764731326,0.10537340035840347,0.1034369063949118
30,2,"1,3",0.1368631633850706,0.13557077727223465,0.1365168422118912,0.1365168422118912,0.1365168422118912,0.13535768897255562
30,2,"2,3",0.11692951117016899,0.11113925007664399,0.11556042845031013,0.1164471634844873,0.11366079620930279,0.10744133151570966
31,1,0,0.12806711069452423,0.1226381815571069,0.12602906696393412,0.12618381417838492,0.12274274637107886,0.12200913811469649
31,1,1,0.13872524142291548,0.13553366792971985,0.13877264659481608,0.14108938377631086,0.13544373749830252,0.13328632884343045
31,1,2,0.12953917413536326,0.12768064021647457,0.1280968501094104,0.1297511163761626,0.12767847737636442,0.1273561725888901
31,1,3,0.14889356200887566,0.1409478547021565,0.1459218659913551,0.1459218659913551,0.1411987873179271,0.13846847497891485
31,2,"0,1",0.12783697944584713,0.12505578746492452,0.1311466541415064,0.13561926316315184,0.12505578746492452,0.12342241797610098
31,2,"0,2",0.11770494248733096,0.11797335083219442,0.11738341021808187,0.11755702661557314,0.11779327395753975,0.11845239307928086
31,2,"0,3",0.1345965251895546,0.13410207475344624,0.1404206146620958,0.1409227017346012,0.13761799545137432,0.12915535848721713
31,2,"1,2",0.1335588338863593,0.12947792415849102,0.13256964140899818,0.136003455592706,0.12947792415849102,0.12815494251708567
31,2,"1,3",0.16396631882663487,0.16335139041019317,0.16477704701193763,0.16477704701193763,0.1647630142086789,0.1632596105155362
31,2,"2,3",0.14306941593199882,0.1358921699668963,0.1399888881688966,0.1407061796243167,0.1376772448871779,0.1330569930952192
32,1,0,0.1631702613829303,0.15462565620659008,0.1569733458138861,0.16037351921708692,0.15462565620659008,0.15402019057675714
32,1,1,0.18023357666453863,0.17562124915490557,0.1762783951371636,0.17966096837319653,0.17558718757629857,0.17109811289974203
32,1,2,0.168716576845991,0.16108117345994372,0.16133819581632666,0.1615041691534135,0.16108117345994372,0.16092422368518788
32,1,3,0.188787483649777,0.18048912450463012,0.1843292296106962,0.18424818500838053,0.18054467596996818,0.17710037077985774
32,2,"0,1",0.17546643830695013,0.15809430582155448,0.16343974090186392,0.16834366759859368,0.15809430582155448,0.15524861119462435
32,2,"0,2",0.14644152179880837,0.14707259819597868,0.14617270027499132,0.1465335334510022,0.14672805670864408,0.14737401549186563
32,2,"0,3",0.1768444812345889,0.1675720632427557,0.17505556676610567,0.1760535472744031,0.17127388022366385,0.16265736861752972
32,2,"1,2",0.1739312022786158,0.1631672731550174,0.1659508505220669,0.16998131836880287,0.16318108623395072,0.16172774344558555
32,2,"1,3",0.2054617980129027,0.2036597657307882,0.20515059434411692,0.20515059434411692,0.20515059434411692,0.2034266614923459
32,2,"2,3",0.17670577868309745,0.17031314811372789,0.1737445105228203,0.17433074112190663,0.17263210992899924,0.16772277032987268
33,1,0,0.1690490557031274,0.15846607996526152,0.16198843804005938,0.16678177274717965,0.15846607996526152,0.15781307434910197
33,1,1,0.18875888653182907,0.18162236807825702,0.1835552949962951,0.18719763016120947,0.18147999407898652,0.1771190314364967
33,1,2,0.17215514053479236,0.1704901027425354,0.17052169932687755,0.17052169932687755,0.1704901027425354,0.16987168190322643
33,1,3,0.18922595305884735,0.18476738154030847,0.1899726304526806,0.1899726304526806,0.1847996191798823,0.18324641583157747
33,2,"0,1",0.18206300442135884,0.16146314699211056,0.1700242676893148,0.17484609554956568,0.16146314699211056,0.15976353406704805
33,2,"0,2",0.1538898973096981,0.1519685753759467,0.1518481541295815,0.1521169608045225,0.1519685753759467,0.1521144150477713
33,2,"0,3",0.1798889624036229,0.1738956721966456,0.1821688011671963,0.18247451460206035,0.17844552163463417,0.16710722436201403
33,2,"1,2",0.17917417332932606,0.17122716784565156,0.17156285910997388,0.1765022543973906,0.17122716784565156,0.16937511791693197
33,2,"1,3",0.2117859890932846,0.21132538148226443,0.21315819661857988,0.21315819661857988,0.2130770889387098,0.21120800050666758
33,2,"2,3",0.18426308274955897,0.17718846768680352,0.18058620014071441,0.18172723649973377,0.17779827453530261,0.17563499135495766
34,1,0,0.18479366293071414,0.16721175138985953,0.17039676481970434,0.18375509278926894,0.16700030354973433,0.16709103597759992
34,1,1,0.19935553875577053,0.19726250019283736,0.20126058048506806,0.2018328665120028,0.1972698171685401,0.195093380288127
34,1,2,0.19247701905299108,0.1871352316176995,0.18746179597821533,0.1880853617779047,0.1871352316176995,0.1867858639974582
34,1,3,0.2083533413130924,0.20346174153748892,0.20555919735688752,0.20766870096595386,0.20371376496001004,0.20036998199237818
34,2,"0,1",0.1756883576255509,0.17012241345625112,0.17926855932293734,0.18583255506430657,0.1701440665753169,0.16869407831275557
34,2,"0,2",0.16054648978497546,0.16181799360555915,0.16028114509467578,0.16044969294460987,0.1608335222085272,0.16237808852575603
34,2,"0,3",0.18675813269779568,0.18453048237134562,0.19202613254746287,0.1924215502925402,0.18757362020040647,0.176122920621218
34,2,"1,2",0.19575818601277462,0.18825660155921295,0.18858212245412778,0.18974806779279738,0.18830399642271672,0.18663209117137255
34,2,"1,3",0.2235883965526797,0.2230621393302926,0.22434048896177639,0.22434048896177639,0.22434048896177639,0.22289495705691498
34,2,"2,3",0.20081480008239252,0.19432241595763503,0.19533354413224158,0.19533354413224158,0.19432241595763503,0.1924105313987097
35,1,0,0.15670107157060925,0.14884594872075202,0.14890506323817765,0.1489398604499292,0.14884594872075202,0.14619819948932766
35,1,1,0.16376401247426242,0.16254063133344868,0.16254063133344868,0.16254063133344868,0.16254063133344868,0.15933931359208428
35,1,2,0.1380306160124533,0.13312442012832315,0.13386148606295686,0.1341025665360136,0.13312442012832315,0.1329451066276256
35,1,3,0.16564001840568018,0.16469969361308834,0.16470099649203804,0.16470099649203804,0.16470099649203804,0.1627930072323004
35,2,"0,1",0.15813311316701717,0.14990076041548628,0.14996589771783952,0.1501540998820187,0.14990076041548628,0.14535441350066147
35,2,"0,2",0.1258025031259707,0.12497938010878323,0.12414376077941817,0.12495682996894025,0.12467343183796699,0.1257277332473423
35,2,"0,3",0.1591352141594793,0.15459608618763482,0.15459608618763482,0.15459608618763482,0.15459608618763482,0.15152903877019946
35,2,"1,2",0.15698381416986024,0.13548832992181561,0.14016940586897486,0.14350422715096844,0.13548832992181561,0.1340310658157303
35,2,"1,3",0.1758893772797802,0.1751540528653277,0.17517402682785263,0.17517402682785263,0.17517402682785263,0.17470883832956735
35,2,"2,3",0.1603121387220091,0.14202187108913128,0.1461441332929561,0.1461441332929561,0.14478503148329974,0.13925308071520567
36,1,0,0.13616498252900666,0.1338862525241915,0.13410424752047828,0.13410424752047828,0.1338862525241915,0.13304712214295938
36,1,1,0.15454962762127739,0.1442407028215301,0.14863797433519968,0.15220118983368638,0.14421148043642631,0.14021321240264095
36,1,2,0.13391691856900179,0.13020323676263124,0.13209758384504605,0.13760069488104854,0.13040275838374507,0.12955767060813567
36,1,3,0.15073071275099742,0.14786567405611706,0.15199090040286983,0.15199090040286983,0.14787196792428975,0.14592523222715945
36,2,"0,1",0.15090651171706643,0.13401423664520068,0.13754185204098887,0.1414169896552374,0.13401423664520068,0.13261238224261745
36,2,"0,2",0.12264570408603657,0.12262664353333938,0.12260676374294793,0.122742371004585,0.12260223099941905,0.12268430317666329
36,2,"0,3",0.14512542322181243,0.14132154167537936,0.1469691443547748,0.1473642552357935,0.14467975395171814,0.13904232233184005
36,2,"1,2",0.1369168805418457,0.1321713856590707,0.13871463474070245,0.14153619940671944,0.1321713856590707,0.13094427648781629
36,2,"1,3",0.17284422446441716,0.17103157981170647,0.17206192818186955,0.17206192818186955,0.17206192818186955,0.17083009234574292
36,2,"2,3",0.1477073313950858,0.14027884946034647,0.14578630982849072,0.1461336876484381,0.1421463956252757,0.13598587375879834
37,1,0,0.09297560310001647,0.09085584828244797,0.09226368353587464,0.09318655761213646,0.09085584828244797,0.09036996157398129
37,1,1,0.10100978646935063,0.09901744338040662,0.10249286921048886,0.10367764033837452,0.09900993468359287,0.09615644240235374
37,1,2,0.09492068182333901,0.0910790673874202,0.09328092925365467,0.09520817577591165,0.0910790673874202,0.09066583578387807
37,1,3,0.1068420117484754,0.10293142531391299,0.10756865119636284,0.10810111105465697,0.10312533213161514,0.10020593998322644
37,2,"0,1",0.09567601285354711,0.09313801104009148,0.09608408393131579,0.09893005405471544,0.09313801104009148,0.09111784017383273
37,2,"0,2",0.08612988264807722,0.08600259092877412,0.08592716271599485,0.08605100100834062,0.08600259092877412,0.0862303933320909
37,2,"0,3",0.10354287921988958,0.09813622288047166,0.10330479027731723,0.10392140053147843,0.10069126556052033,0.09551334145155642
37,2,"1,2",0.09882801882952327,0.09376008000723413,0.09693958327799698,0.099393770015056,0.09376008000723413,0.09184901322573763
37,2,"1,3",0.12100287707833171,0.11982226231537127,0.12065760951195849,0.12065760951195849,0.12064182704813557,0.1195531922039837
37,2,"2,3",0.10126599076667159,0.09865114902617017,0.10235661320757398,0.10252916987369953,0.10066618971493405,0.0954004454113781
38,1,0,0.11434908266567143,0.11142194118782994,0.11423125960391524,0.11503911267712019,0.11146676799084931,0.11089679546027195
38,1,1,0.12433866042205913,0.12211371170262122,0.12507030928612312,0.13050018529542587,0.12201513231050944,0.11833677426569321
38,1,2,0.11586062646427264,0.11466768581801828,0.11528326744223744,0.11689506467701685,0.11466768581801828,0.11414021251719161
38,1,3,0.1260090275115729,0.12474063664166522,0.1309378817061323,0.1309378817061323,0.12626223664231617,0.12329764497395514
38,2,"0,1",0.12511524771781596,0.11305740903996819,0.11956601541437795,0.12331277700497142,0.11305740903996819,0.11193365973087013
38,2,"0,2",0.10795451091408684,0.1069638951226108,0.10697167930126941,0.10705399340630792,0.1069638951226108,0.10693371521117939
38,2,"0,3",0.12521452286814128,0.12164997745871069,0.12726444190261,0.12921728075276478,0.12518652152003198,0.11706402090979898
38,2,"1,2",0.12799963842380846,0.11654237192125894,0.12045284197429212,0.12419005930180171,0.11654237192125894,0.11480526823753054
38,2,"1,3",0.15015174744437493,0.14865995906845225,0.14993677176702191,0.14993677176702191,0.14992969580778998,0.14855876947330937
38,2,"2,3",0.12734399543656216,0.1222555161071154,0.12746994193777111,0.12815866536820852,0.12472238311412284,0.1192787555492463
39,1,0,0.10724211705558025,0.10421130249349905,0.10713008384849737,0.10832723457765545,0.10421064811829275,0.10377202365894872
39,1,1,0.11550939504282931,0.11337337483249849,0.1180963702186648,0.12023199298004597,0.11336310764901092,0.11129047781091628
39,1,2,0.1079975178978825,0.1069536408404736,0.10787835140519486,0.10837124796098047,0.1069536408404736,0.106057526568611
39,1,3,0.12144034342954352,0.11904092048774678,0.12484393669677304,0.12546557250605228,0.11980078730262979,0.11589392840690468
39,2,"0,1",0.115538694001448,0.10627671580873986,0.11111366077371063,0.1146198313874473,0.10627511212424462,0.10498045256684019
39,2,"0,2",0.09971601875550837,0.09981370831129419,0.09965623532210442,0.09979505249307441,0.09979115502675462,0.10008021078184952
39,2,"0,3",0.11655738592628383,0.11375175035843604,0.11935799226571342,0.12018625373978623,0.11675131269197082,0.10990336030242175
39,2,"1,2",0.11479345313840292,0.10922077265310193,0.11275827698203349,0.1153607907205198,0.10922077265310193,0.10714637307324386
39,2,"1,3",0.14092833538210814,0.1387888298240256,0.13989519164372716,0.13989519164372716,0.13989519164372716,0.13861208678604126
39,2,"2,3",0.12076408425362094,0.11472290575638425,0.11884706921828803,0.11924653970231025,0.11681634175223184,0.11127933879219457
40,1,0,0.07325152623652945,0.07115157636886169,0.07126867950136051,0.07146044898147799,0.07115157636886169,0.07056037408349158
40,1,1,0.07940332612421575,0.07765207955391043,0.07813320660978608,0.07804118423703937,0.07765207955391043,0.0756106494775364
40,1,2,0.0665968742261318,0.0657978880028892,0.06608082446877943,0.06680161847920617,0.0657978880028892,0.06559605602971215
40,1,3,0.08112535321481856,0.07937119808296408,0.07963558982811489,0.07963558982811489,0.07939855193504969,0.07786409069889286
40,2,"0,1",0.07554824111850574,0.0721785012089285,0.07230786265676747,0.07281204596900653,0.0721785012089285,0.07037005049413009
40,2,"0,2",0.06269933142651525,0.06202162015504521,0.06168564719392486,0.06175044447096294,0.06180504833408286,0.06227796545238531
40,2,"0,3",0.07674113988602184,0.0750222847329351,0.07583817339231028,0.07583817339231028,0.07515613573588514,0.07342779236550043
40,2,"1,2",0.06860488977962803,0.06745940526297126,0.06934204667171179,0.070029488829696,0.06745940526297126,0.06621622167177019
40,2,"1,3",0.0872128234799095,0.08677331997353241,0.08692425019145086,0.08692425019145086,0.08692425019145086,0.0864592821577741
40,2,"2,3",0.07791832047159394,0.07055800583581304,0.07213612407319774,0.07234562443923737,0.07116100412754972,0.06875208720940579
41,1,0,0.1267595299103731,0.12532790908242547,0.12617548958571057,0.1265761159575182,0.12531602522894092,0.12459369299222348
41,1,1,0.14325332616423617,0.1365561639689555,0.13849774765509862,0.13958671716137572,0.13653314340348127,0.13499699382491082
41,1,2,0.1257225146119081,0.12401211202573874,0.12502385861459667,0.12547688999864445,0.12401211202573874,0.1235878276682725
41,1,3,0.1477477915793456,0.14178686150216685,0.14581649172311345,0.14581649172311345,0.14195503316539632,0.1398057943554071
41,2,"0,1",0.1348304498380497,0.126661480811068,0.12987378783713752,0.13369506153558242,0.126678347661832,0.125109840279553
41,2,"0,2",0.11554637423727254,0.11607277337808483,0.11528427131351074,0.11539702560755308,0.11560048966559355,0.11650548586780052
41,2,"0,3",0.14550547958911092,0.13359087698666525,0.1384509479730269,0.13903907855003916,0.1360819799394838,0.13110054784465
41,2,"1,2",0.12775566623265092,0.1257399198953988,0.1304033578767772,0.13289468711860652,0.1257399198953988,0.12444320438460042
41,2,"1,3",0.1615305389701934,0.16083974310436214,0.16191542489300093,0.16191542489300093,0.16189095568956313,0.1606993788850952
41,2,"2,3",0.1387992103029905,0.13193392289925687,0.13704077789338598,0.13729867312201938,0.13501542353436485,0.12928652997601942
42,1,0,0.19223153304421345,0.17469846071829326,0.17582599475848326,0.1762989884540887,0.17469846071829326,0.17412914888778513
42,1,1,0.20386027462120304,0.20137054004821525,0.20137855877201194,0.20137855877201194,0.20137855877201194,0.19844626353339914
42,1,2,0.180772808477774,0.17093299178543248,0.1714113357370725,0.1717014163295503,0.17093299178543248,0.17037391069742527
42,1,3,0.20737667593903444,0.2049217786327043,0.20503208156603817,0.20503208156603817,0.20493906315026683,0.20212837209198406
42,2,"0,1",0.18149667390386848,0.1763910084756108,0.17640741719041292,0.17835918120386332,0.1763910084756108,0.17408927053099976
42,2,"0,2",0.15578697205196976,0.15605661963349243,0.15387259925916216,0.15415039528318608,0.1544744808475806,0.15677817964158786
42,2,"0,3",0.19734649745879257,0.18443326842475388,0.1851844573912965,0.18598026828010944,0.1845852513369204,0.18220957448725894
42,2,"1,2",0.1804326452878272,0.1732059842984148,0.17437926297089468,0.17818960456772004,0.1732059842984148,0.17094269971252865
42,2,"1,3",0.21626121979934623,0.2159984666601028,0.21611790098429617,0.21611790098429617,0.2161139951232936,0.21554257062349902
42,2,"2,3",0.18704189440470584,0.17992766445860447,0.18341353837850352,0.18415976489171537,0.18044593470997017,0.1773006251733664
43,1,0,0.13397307881982712,0.1308464460708304,0.13191725686436406,0.1320337155569628,0.1308464460708304,0.12933373269294818
43,1,1,0.15229327303900145,0.14353536575061038,0.14390857611503513,0.14522014988916426,0.14352528791671187,0.13957095399301267
43,1,2,0.13403593834574887,0.1287913050132809,0.12978716786272593,0.13058227613862322,0.1287913050132809,0.1271222182225014
43,1,3,0.14979205690974684,0.14623546663531184,0.14891655377408958,0.15036735407644955,0.14624694399699978,0.14455713931432454
43,2,"0,1",0.13687885969893954,0.13323492415153737,0.13457070635983698,0.13765383583768387,0.13320860487106967,0.12946046801547995
43,2,"0,2",0.11902233277772083,0.11889161536566575,0.11879324830951887,0.11897476496845853,0.11889161536566575,0.11923034898969441
43,2,"0,3",0.14375194548467432,0.1386329992167229,0.14241987289857388,0.14313407486124274,0.13985021491338573,0.13566889350269307
43,2,"1,2",0.14042141444982464,0.13179108936805672,0.13427409394835943,0.13757112001469002,0.13179108936805672,0.12820733592394307
43,2,"1,3",0.16702294547542734,0.1660442709307182,0.1668133475747986,0.1668133475747986,0.16678439476481635,0.16572058016963095
43,2,"2,3",0.14038891260315767,0.13609952263716946,0.14144313878565928,0.1420029752490827,0.13879312248358464,0.13319531835830478
44,1,0,0.10041256972070034,0.0963879975145967,0.09776160958555322,0.09853526649567149,0.09641982810049092,0.09616157626846458
44,1,1,0.10465975184510276,0.1039232886737948,0.10850476877491799,0.10963992976698694,0.1039232886737948,0.10187427372915339
44,1,2,0.0981080859452638,0.09685162869185462,0.09788085580123636,0.09875512487125204,0.09685162869185462,0.09567308035694477
44,1,3,0.11655812310736297,0.10821908092682,0.11055370973562922,0.11055370973562922,0.1084735131237111,0.10614734476093302
44,2,"0,1",0.10346242661119126,0.09769228069647645,0.10122537947544394,0.10495963318745326,0.09769228069647645,0.09691220498063205
44,2,"0,2",0.09123108817141096,0.09121172541029272,0.09090937593066482,0.09106003502680651,0.09116390049006069,0.09149840929970174
44,2,"0,3",0.10662404180562521,0.10396164266208315,0.10892924630301598,0.10948770141075127,0.10711205031563538,0.10152147137833364
44,2,"1,2",0.10356860381501459,0.0989768489081542,0.1030796295944428,0.10559807452607858,0.0989768489081542,0.09684508505556925
44,2,"1,3",0.12845612788912572,0.12672834890463075,0.12750481630621757,0.12750481630621757,0.12750481630621757,0.12657745001191414
44,2,"2,3",0.11120341427756122,0.10407706868276637,0.10797670064558641,0.10825984643428602,0.10625389089832935,0.1006181495042474
45,1,0,0.12050786196550262,0.11498142866934627,0.11554597925807852,0.11868063974503701,0.11498142866934627,0.11428217284917609
45,1,1,0.13337760718833536,0.13020547527003803,0.13190559329142584,0.13301298849136156,0.1302193993391419,0.12663671022102213
45,1,2,0.11971464155086857,0.11938646407232104,0.11946932280867599,0.1211857633620016,0.11942411396609742,0.1183028169137946
45,1,3,0.13791468478584284,0.13388560167609964,0.13654738579287085,0.13681952544139214,0.13424248397751326,0.13100055740034572
45,2,"0,1",0.1228211558965789,0.11736121006529882,0.12094416645821827,0.12475475155449135,0.11736121006529882,0.11500816486204687
45,2,"0,2",0.1081145306286424,0.1083483918512469,0.10790875788517662,0.10809277880783667,0.10814611549179114,0.1087749528479664
45,2,"0,3",0.1298493080648212,0.12383694021038458,0.12963449295882387,0.12997143415098222,0.12687267016923987,0.12055488109606846
45,2,"1,2",0.12650810133061996,0.12176918521665361,0.12354876587267774,0.12552794897890082,0.12176918521665361,0.11907392316075921
45,2,"1,3",0.15090278715015112,0.1505124422286187,0.1514699553038175,0.1514699553038175,0.1514699553038175,0.15021536342632713
45,2,"2,3",0.13067527789855343,0.12708116431763963,0.12948145611855394,0.12948145611855394,0.12732948670103794,0.12346443108205929
46,1,0,0.13508605807599267,0.13229022169185076,0.13259653009222666,0.1338971034455384,0.13229022169185076,0.1315637903417235
46,1,1,0.1483762770108305,0.1418039454409306,0.14320311351850526,0.14612125616142602,0.1418039454409306,0.13838782687113238
46,1,2,0.12823138018451613,0.12486134383976477,0.12861546375707517,0.13049547118626603,0.12486134383976477,0.12459667326679123
46,1,3,0.15391687209583838,0.14621724709513342,0.14911886778454678,0.14920552286769007,0.14622331178181944,0.14377111538540616
46,2,"0,1",0.1385936541430823,0.13333621382564662,0.13407325247514243,0.13728643742695215,0.13333621382564662,0.13138799950420813
46,2,"0,2",0.1191529964487506,0.11950745412772748,0.11891293858256818,0.11910078452948003,0.11934009584879117,0.1199614493464132
46,2,"0,3",0.14740966560322757,0.13952758736433507,0.14286100901322146,0.14286100901322146,0.14058067399015187,0.1376871817372482
46,2,"1,2",0.13747669423147468,0.12765886029665627,0.13417223178109677,0.1375356264495847,0.12765886029665627,0.12615457394381221
46,2,"1,3",0.16743722273724496,0.16631551019085627,0.16690321528477622,0.16690321528477622,0.16689108052023943,0.16607572948481333
46,2,"2,3",0.1429301394831648,0.13612634437392143,0.14168901358081754,0.14236624147496446,0.13898640814842508,0.13103693279369866
47,1,0,0.13421067092651837,0.1308855375860661,0.13387949096421647,0.13401539070340168,0.1308855375860661,0.13061871105492884
47,1,1,0.1395622450007169,0.13878707521914352,0.14409214008578944,0.14422393184822313,0.13875900298986343,0.13717785749822295
47,1,2,0.13285860157949544,0.13083573979459542,0.1341030360209619,0.1341030360209619,0.13073082221409713,0.13065529742270265
47,1,3,0.14755388264754088,0.1460401637493053,0.14809521611750776,0.16048162351991618,0.14767439473140664,0.1430841826978481
47,2,"0,1",0.13716323249541781,0.1332247806082468,0.13993353879489262,0.14244226799338,0.1332075364545497,0.13210378613295384
47,2,"0,2",0.12534637023952716,0.12586463234002543,0.1250607460878748,0.12516318974882218,0.125651749850201,0.12621956139363155
47,2,"0,3",0.1621124770863527,0.14363805626126522,0.14708800474015343,0.14708800474015343,0.14571937480477637,0.1381489375066711
47,2,"1,2",0.14083816667882249,0.1334780614234864,0.14071168098623796,0.1440021747957295,0.1334780614234864,0.13239997603352013
47,2,"1,3",0.17770291821904954,0.17420503099534074,0.17527112494179337,0.17527112494179337,0.17527112494179337,0.1740413181193735
47,2,"2,3",0.15361969592320282,0.14328839542061317,0.1515900352313448,0.15215398255724977,0.14493459607301395,0.13751108971509862
48,1,0,0.23543640460560475,0.2256068712839966,0.23120625109631374,0.23123045240445195,0.22597230867350176,0.2250201992728908
48,1,1,0.2722275105167774,0.24338633111330127,0.251774737920773,0.26553521914772277,0.24322521448519535,0.24008949683001563
48,1,2,0.2372911977010591,0.23486222296142256,0.2367948031436813,0.2367948031436813,0.23499026832253223,0.23440460946206615
48,1,3,0.2558371168535403,0.25391394471496465,0.2664114599643295,0.2664114599643295,0.2558001368494323,0.24995953918948108
48,2,"0,1",0.2328439221804412,0.22907041380742646,0.24371785532317608,0.25002062782758083,0.22907041380742646,0.2276719088454587
48,2,"0,2",0.21959911399855653,0.21888597196958842,0.21877310167790104,0.2189956617894592,0.21888597196958842,0.2190371655193073
48,2,"0,3",0.2519083071636773,0.24911309648716118,0.26066548176623383,0.26200343242732577,0.2545197071650493,0.2376816037698253
48,2,"1,2",0.2493102523291303,0.23677250454807014,0.24604945119329674,0.24940183505274105,0.23678995152512375,0.23467292671355755
48,2,"1,3",0.3054086479044553,0.303725575349226,0.3072646497364814,0.3072646497364814,0.3072646497364814,0.3036213609470844
48,2,"2,3",0.26023645168504217,0.25002117760405385,0.26036436241740724,0.26099004508631035,0.2540197799697361,0.24371874223746254
49,1,0,0.10440445590489841,0.10210059846156816,0.10357247024847055,0.10428653031732046,0.1021653905685982,0.10140070983123482
49,1,1,0.11904087516323603,0.1118174335699228,0.11516044094881973,0.11752443053506445,0.11177750915979487,0.10943693856143077
49,1,2,0.10543229019299812,0.10476601865662373,0.10627537099086212,0.10741917249540042,0.10493199601120448,0.10373804976361303
49,1,3,0.11684610087675044,0.11516580993521114,0.11856455292796625,0.11861858557205784,0.1155329861808932,0.11367706492766247
49,2,"0,1",0.10528261949648869,0.10319894068206645,0.10753145139568163,0.11091064767973494,0.10319894068206645,0.10187361965392248
49,2,"0,2",0.096609242326969,0.09600312503256761,0.0959787288163484,0.09610830039280463,0.09600312503256761,0.09605293547095528
49,2,"0,3",0.11106747559201971,0.10967970551443657,0.11462506495910152,0.11529101098683509,0.1124484245882347,0.10663826801805168
49,2,"1,2",0.11311840088972581,0.10599678139615534,0.1089779484842327,0.11110701604096992,0.10601890138183784,0.10411961533273476
49,2,"1,3",0.1343775988450882,0.13350801473933183,0.13464340871802158,0.13464340871802158,0.13464340871802158,0.13338735483930603
49,2,"2,3",0.11333985226410301,0.11105725019008426,0.11382244929853574,0.11405711726920516,0.11238218052488938,0.10804371549866892
50,1,0,0.13567608111004273,0.13113406434668506,0.13314328426315114,0.13377036413788101,0.13242113414983503,0.1292558436023727
50,1,1,0.14588159511256546,0.14156660904481821,0.14586405329332824,0.1552493357274058,0.14136743691487424,0.13765738010429154
50,1,2,0.13915033650937397,0.13592667797906383,0.1368169396305014,0.1368169396305014,0.1366444307668026,0.13504467742558512
50,1,3,0.14560868803606136,0.14492434428301493,0.14669718475886032,0.14669718475886032,0.14647127123961645,0.1433293037503166
50,2,"0,1",0.15308817836341804,0.13219134660545803,0.13888617769407266,0.1434610621701677,0.13219134660545803,0.13000372589337483
50,2,"0,2",0.1263781673518966,0.12539112968573457,0.12538563292457455,0.12539030952754793,0.12539112968573457,0.12493414364892576
50,2,"0,3",0.139867950446954,0.14181303876271875,0.14519626924643386,0.14519626924643386,0.1447564567442428,0.1357605932962988
50,2,"1,2",0.15759104585816408,0.13597026256165615,0.14048993904335993,0.1442037535512839,0.13597026256165615,0.1341530517436714
50,2,"1,3",0.17568253748326454,0.17313672008006353,0.1748141209603769,0.1748141209603769,0.1748141209603769,0.1730584882112179
50,2,"2,3",0.14296820588572504,0.14250828251587205,0.14534584222284425,0.1456931667923461,0.14482201567385924,0.13937576229476767
51,1,0,0.11026475053711682,0.1083896231552659,0.10979116025396725,0.11352559571853015,0.1083896231552659,0.10761404165541438
51,1,1,0.11822852624772073,0.11683136093007557,0.11786226767034147,0.12998076096634598,0.11678933869219783,0.1150878960987109
51,1,2,0.11279257221943793,0.11128906878950778,0.11206125489681795,0.11296521203708945,0.1116223776327313,0.11024385275177462
51,1,3,0.12389964979109694,0.12199567684118975,0.12440207329170673,0.12465712593034559,0.12305493571307091,0.11965496518814048
51,2,"0,1",0.11073286469346433,0.10947519350988882,0.11303869046352885,0.12127424751966603,0.10947519350988882,0.10825278911100707
51,2,"0,2",0.10369392751421973,0.10324911021068997,0.10312282936829302,0.10318323686880981,0.10324911021068997,0.10336313082553605
51,2,"0,3",0.11829609691951992,0.1171438954029771,0.12027780918019139,0.12341717382964741,0.1193637169730841,0.11322011842878224
51,2,"1,2",0.11500873799078945,0.11243007184236056,0.11488532957947134,0.1161112353772353,0.1124420335816945,0.1105332894979264
51,2,"1,3",0.14343521432012352,0.14295156796608055,0.14468778310498503,0.14468778310498503,0.14468778310498503,0.1428379638166425
51,2,"2,3",0.1206622824613688,0.11848680861078323,0.12148510593040293,0.12172089615121426,0.11991312621691419,0.11479563520443536
52,1,0,0.12406252786667843,0.1214886219461037,0.1224148612777655,0.12392659744839851,0.12170069169609335,0.11967648523561675
52,1,1,0.13870329572552698,0.1333045411114665,0.13337631142017475,0.13817697430358689,0.13325945184614965,0.12975497061201025
52,1,2,0.12239551768892214,0.12179923772207919,0.12307679392667455,0.12406437494802611,0.12179923772207919,0.1213670259340551
52,1,3,0.1410883130692468,0.1369532184693852,0.1398949101358102,0.1398949101358102,0.13696068571291042,0.1347411164869108
52,2,"0,1",0.13525188001842747,0.12372140107267116,0.12637211107397486,0.12994019722799505,0.12372140107267116,0.12040504629967043
52,2,"0,2",0.11331352334339476,0.11299141802604001,0.1127663500706383,0.11290365236502474,0.11299141802604001,0.11321707249511392
52,2,"0,3",0.1380843302211155,0.13006148629535788,0.1351586638205075,0.1351586638205075,0.13218025361773056,0.12621120313809367
52,2,"1,2",0.1351266856370088,0.12401060708666611,0.12709068449943967,0.130472297436036,0.12401060708666611,0.12221941457672028
52,2,"1,3",0.15818550800469883,0.15721713072310733,0.15835466449978597,0.15835466449978597,0.15833968266154352,0.15696314402369765
52,2,"2,3",0.13468079849577985,0.12940106702252974,0.1340448136477058,0.13494431554143566,0.13144408900203056,0.1269548509391613
53,1,0,0.224588295226553,0.22313992714538539,0.2247782261729147,0.22888867339919144,0.22313992714538539,0.2220958583814453
53,1,1,0.2508623170512494,0.24831461870854143,0.24948710164489662,0.25381573618105147,0.24829919230520586,0.24336923255998139
53,1,2,0.23132665440452865,0.22648556452483412,0.22660033463676438,0.2298588100714959,0.22645982287855615,0.22589490356455494
53,1,3,0.2712164032659764,0.25458674968063105,0.25936452558407636,0.25991987389050075,0.25462187866948405,0.2522780793253348
53,2,"0,1",0.2388885604136936,0.22708506855001054,0.2332350871252905,0.24056245733932868,0.22709722788898312,0.22338433884531078
53,2,"0,2",0.2094563726066959,0.20959915221373712,0.20863996386280603,0.2089805527879836,0.209383370078298,0.21026631795479697
53,2,"0,3",0.2533871515273123,0.23906185158884358,0.24956607889778426,0.25112934295052314,0.2443268781783448,0.23437383820689528
53,2,"1,2",0.2392542065856818,0.2309314639034429,0.23624622050061972,0.24183403312036933,0.2309314639034429,0.22752852710182775
53,2,"1,3",0.29238691318217425,0.2908892123030882,0.2929853842952598,0.2929853842952598,0.2928775983415125,0.29049124617012756
53,2,"2,3",0.2517825452047921,0.23914729344771518,0.24862069596211359,0.2497688075793145,0.24416567935047512,0.2363083152231616
54,1,0,0.15032882409409548,0.1321239925367657,0.13266641567101922,0.13398315686594975,0.1321239925367657,0.13164269810379559
54,1,1,0.15493206660603975,0.1537550019103211,0.1538712233532588,0.1538712233532588,0.153781974491487,0.15146568605114324
54,1,2,0.1441877946965218,0.1397687440653498,0.1397324696135667,0.1398882872199436,0.1397687440653498,0.13811017222823802
54,1,3,0.1607106695975537,0.15698874798439297,0.1570704562563756,0.1570704562563756,0.1570259098807959,0.15531332187243152
54,2,"0,1",0.1588767181601795,0.13368012832360304,0.1375280343255874,0.14111308706672643,0.13368012832360304,0.13218692020959322
54,2,"0,2",0.12246431785147974,0.12292101494056704,0.12226398919902648,0.12243788352764239,0.12279633935787077,0.1235019125618551
54,2,"0,3",0.14456330103129889,0.14065764387106278,0.14535638326662415,0.14572943853459389,0.14369379695850323,0.138651873168074
54,2,"1,2",0.14894472133187245,0.14094969697997667,0.14130814592671892,0.1426063296534879,0.14094969697997667,0.13826225956581978
54,2,"1,3",0.17151696309677295,0.17058231589939626,0.17161586878145257,0.17161586878145257,0.17161586878145257,0.17039855428930795
54,2,"2,3",0.1503259732114183,0.14566519424168534,0.14609508454738968,0.14703184448384946,0.14566519424168534,0.14314348026176243
55,1,0,0.19978071990880275,0.19655593498360635,0.19752976969582794,0.19752976969582794,0.19656878706021594,0.19536061207961614
55,1,1,0.2242693099505887,0.20941376356327135,0.21432856036407652,0.22127248857803175,0.20941117511479035,0.20411844492235726
55,1,2,0.19039275439270548,0.1899820554863628,0.19192396260634612,0.20280988921127746,0.1899820554863628,0.18953924468115446
55,1,3,0.22110150232658374,0.21608538879344974,0.22239969793863718,0.22266385820066154,0.21688379201548147,0.21282726121051143
55,2,"0,1",0.21793809963050834,0.19728142793670167,0.20259926794546512,0.20882931923607187,0.19728142793670167,0.19480495000409417
55,2,"0,2",0.18126192530133486,0.18124826237346947,0.18123605146208882,0.18155562156832836,0.18124826237346947,0.18131420310461688
55,2,"0,3",0.21207799984085576,0.2081288176802149,0.21743462030964977,0.21861675025448957,0.21234672656978415,0.20438149220341936
55,2,"1,2",0.208475917534177,0.19387542731835272,0.20458862931702618,0.20978170473263297,0.19387542731835272,0.19210386414413141
55,2,"1,3",0.2541509413698765,0.2527944451939055,0.254434497667266,0.254434497667266,0.254434497667266,0.2523618428179474
55,2,"2,3",0.2072639233087732,0.2075372961632017,0.21573693570224073,0.21662408542608602,0.21198851634585242,0.19956388897481853
56,1,0,0.11659853064624057,0.11248867043550599,0.11953527615513976,0.11990376592776728,0.11267355165029622,0.11200628318501077
56,1,1,0.13891133595490412,0.13128939171686738,0.13443855527583887,0.13822988944471148,0.13113702517579312,0.12842865675806575
56,1,2,0.12814463681150395,0.127459070326697,0.12747417672524408,0.12750573465821813,0.127459070326697,0.1268924051981804
56,1,3,0.13699214602027754,0.1350809904604865,0.13765551921507285,0.13765551921507285,0.1350665068764881,0.13265543533019225
56,2,"0,1",0.12570500115199695,0.11562756022436238,0.12317756829750888,0.12689927546469398,0.11562756022436238,0.11424975164646292
56,2,"0,2",0.11107879279707666,0.11043371656439083,0.11026602922961194,0.11038580997501221,0.11043371656439083,0.11066850130833508
56,2,"0,3",0.12556279594391956,0.125904230854608,0.13209251209656048,0.13265466503732595,0.128931656496677,0.1189500606835964
56,2,"1,2",0.13388333430872765,0.12774348331716462,0.12791579032845524,0.12866936127216513,0.12774348331716462,0.12605511810252493
56,2,"1,3",0.15379022570069478,0.15327838036670766,0.15443624284241,0.15443624284241,0.15443624284241,0.15324001218487243
56,2,"2,3",0.1364008896925269,0.13206936369138914,0.13243284442046574,0.13274700620779512,0.13206936369138914,0.13033737744830012
57,1,0,0.10387464884414245,0.10287646866999489,0.10569138299158422,0.10701311518216033,0.10285879529655549,0.10250294525011451
57,1,1,0.11734144729536798,0.1130456934228401,0.11654859133582629,0.11879186603465357,0.11297367684280625,0.11093060664471813
57,1,2,0.1074876123722257,0.10650484553875747,0.10685832702362734,0.10781611291472486,0.10650484553875747,0.10594807489760394
57,1,3,0.12025036406551019,0.11864680469926457,0.12344719871380476,0.12428434388795821,0.1186596069595506,0.11537894456203604
57,2,"0,1",0.11073515629730188,0.10490333180425519,0.11025963266478811,0.1127084234693849,0.10490333180425519,0.10363794424013276
57,2,"0,2",0.0985870050147783,0.0988244846646247,0.09856211002480411,0.09868050681585416,0.09878443387183333,0.0991724160479669
57,2,"0,3",0.11714221223326182,0.11309748941415411,0.11815546217451504,0.11857346532289849,0.11529511970661652,0.1084470426496308
57,2,"1,2",0.11087330356508658,0.10848893328900111,0.1113795041726774,0.11363320964567286,0.10848893328900111,0.10681349538085841
57,2,"1,3",0.13768606504892877,0.13718549495786966,0.13830492609973816,0.13830492609973816,0.13830492609973816,0.13703001005605475
57,2,"2,3",0.11647916374573118,0.11388077343537734,0.11734431768178671,0.11793846290451783,0.11532941216478762,0.11092577150541519
58,1,0,0.18540766471859266,0.18269530315610466,0.18345546284121644,0.18345546284121644,0.18294207115924946,0.18152376792770425
58,1,1,0.218989202548145,0.18723465214800378,0.19593330080348859,0.203581617172658,0.1872334327974653,0.18479929182859034
58,1,2,0.17825622767945665,0.17461225632216792,0.17804402783570739,0.17990998957931623,0.17555499222023524,0.17180354061030828
58,1,3,0.19753785368865037,0.1949378072647466,0.1987474181580951,0.1987474181580951,0.19678228179151752,0.19306361235711336
58,2,"0,1",0.2155149549394269,0.1809051327670404,0.18821089092746351,0.19100018500681107,0.1809051327670404,0.1787599680331415
58,2,"0,2",0.16758338439586962,0.16655633451351295,0.16654046352524365,0.16657956315506067,0.16655633451351295,0.16625596104283963
58,2,"0,3",0.19510075548034647,0.1900993775596967,0.1969027237285008,0.1975858963473798,0.19441377858889952,0.18759890358322936
58,2,"1,2",0.1928174309269769,0.1771189224977177,0.18734310677168975,0.19194590167866893,0.1773087986861408,0.17439649185778566
58,2,"1,3",0.23755260480278972,0.23112236250915735,0.23275705737916383,0.23275705737916383,0.23275705737916383,0.23095034824690452
58,2,"2,3",0.19103128842242176,0.18976030675385036,0.1959848452452329,0.19631647280411024,0.19377101273232306,0.18096354555229927
59,1,0,0.10360598452359149,0.10076271044310896,0.10332089377988517,0.10433556091631385,0.10107334198187792,0.09974740548224037
59,1,1,0.12185468159332569,0.1129948892636119,0.11510609816449285,0.11510609816449285,0.11298588139565255,0.10941288803943557
59,1,2,0.10750369706769561,0.10516838013506882,0.10551625874317676,0.10553179097109938,0.10518954366197744,0.10434823605769922
59,1,3,0.11491695876573661,0.11475334675677842,0.11826051379059187,0.11826051379059187,0.11476214663004895,0.11354419002550209
59,2,"0,1",0.11320338134683189,0.1028895131493727,0.10666596170866478,0.10965918136683843,0.1028895131493727,0.10058849233406222
59,2,"0,2",0.0960711270542733,0.0954025295203389,0.09540411053434185,0.09550310299040274,0.0954025295203389,0.09543852767686267
59,2,"0,3",0.11296348533358135,0.10906360331412708,0.11398128697297114,0.11489644900852189,0.1117707835661095,0.10533789786908695
59,2,"1,2",0.11076391775494954,0.10663860108048652,0.10784305139206324,0.11058789515406145,0.10663860108048652,0.10447189837413566
59,2,"1,3",0.1331757077950583,0.13274194055914756,0.13387405494957977,0.13387405494957977,0.13387405494957977,0.13262562594202376
59,2,"2,3",0.1129794701639049,0.11003199972034387,0.11366308172171369,0.11395628035358008,0.1116275068627422,0.1084700422789026
