n,seed,fractional,independent,rounded,certificate,effective_n,solver_residual
4,0,0.06443516132953549,0.1742508159446705,0.14642087282018001,0.1742508159446705,1.7602725646545905,0.0
4,1,0.25766700187771097,0.771477919413987,0.6850812233817016,0.771477919413987,1.5044464398297983,0.0
4,2,0.11324640169595414,0.2983575203963303,0.24681482493383486,0.2983575203963303,1.8353257625641048,0.0
4,3,0.6686136749329543,1.4764122827835757,1.0770648104674945,1.4764122827835753,2.483095421686819,2.220446049250313e-16
4,4,0.15137077418516232,0.3815611602362109,0.3069205147347315,0.3815611602362109,1.9727684129031333,1.1102230246251565e-16
4,5,0.3236722737850786,1.1839411566082685,1.1470251770975861,1.1839411566082685,1.1287364226968195,0.0
4,6,0.1991855323974846,0.44066379224949614,0.32197101313601534,0.44066379224949614,2.474577204418579,1.1102230246251565e-16
4,7,0.29539173416191944,0.7414948894477775,0.5948042070478107,0.7414948894477775,1.9864804630621964,0.0
4,8,0.17936114162383987,0.587347299124557,0.5439815433342896,0.5873472991245572,1.3188766701492147,1.1102230246251565e-16
4,9,0.13631561584299312,0.3021403501608685,0.22109964575716717,0.30214035016086854,2.4661390184714813,1.1102230246251565e-16
4,10,0.12673331589701897,0.29958050682687165,0.2304629212398036,0.29958050682687165,2.1996304692354247,0.0
4,11,0.3135451283234125,0.8402140769815868,0.7022252648775663,0.8402140769815871,1.7860088151518125,2.220446049250313e-16
4,12,0.5220157798230344,1.4981484455397134,1.3015102209555716,1.4981484455397132,1.6043386257536079,1.1102230246251565e-16
4,13,0.12857847040598067,0.3194731888642096,0.25452629127763865,0.3194731888642096,2.020670945395209,2.220446049250313e-16
4,14,0.7014381249165953,2.768154372844081,2.755621663903313,2.76815437284408,1.0181922055628128,2.220446049250313e-16
4,15,0.35721853099677287,0.8500150668346345,0.6570620477838154,0.8500150668346347,2.1746410842119044,2.220446049250313e-16
4,16,0.1205707906323316,0.2606195153054745,0.18673163289752387,0.2606195153054745,2.582760912255279,2.220446049250313e-16
4,17,0.15617152716087448,0.37699898910116947,0.29443661592039333,0.37699898910116947,2.1216318720780096,0.0
4,18,0.32828149106285526,1.0078097119983307,0.906037627913967,1.0078097119983307,1.4493062139976687,1.1102230246251565e-16
4,19,0.2704463767191191,1.053336501927819,1.043853500278266,1.053336501927819,1.0363384388595704,0.0
8,0,0.12370456887889449,0.2425803601082515,0.17235925182756753,0.2425803601082515,3.121861085413622,2.220446049250313e-16
8,1,0.33288778777511535,1.018505353979393,0.9210780462838881,1.018505353979393,1.4565895224274321,2.220446049250313e-16
8,2,0.20290179471214728,0.434775643084719,0.31976039490231645,0.43477564308471905,2.6251575518701205,2.220446049250313e-16
8,3,0.2133883161252799,0.4088425215119643,0.2769362976437557,0.4088425215119643,3.275268225154557,1.1102230246251565e-16
8,4,0.25233838225188476,0.5010884516621957,0.34411904174563296,0.5010884516621957,3.043276122697135,1.1102230246251565e-16
8,5,0.1126320847199273,0.3381735131778141,0.3026565999984432,0.3381735131778141,1.4981560437481845,2.220446049250313e-16
8,6,0.12383869193699375,0.2571945253466334,0.19179922594296075,0.2571945253466334,2.785900446287684,1.1102230246251565e-16
8,7,0.18858763998040703,0.3187787291587298,0.21854845577499749,0.31877872915872973,4.3456347397654564,2.220446049250313e-16
8,8,0.14132982944635497,0.35073924577152593,0.2851245869493,0.35073924577155013,2.024657540026074,7.494005416219807e-14
8,9,0.1899226577811651,0.4462598942906918,0.35607039851503125,0.4462598942906919,2.222728079236042,2.220446049250313e-16
8,10,0.3510671474186257,0.92546846154246,0.7762280010408376,0.9254684615424595,1.8335637756372192,2.220446049250313e-16
8,11,0.2500608710583437,0.6609049707453049,0.5602797086857598,0.6609049707453049,1.8259544526661717,2.220446049250313e-16
8,12,0.1855692200220919,0.3885525161957273,0.28018595855709527,0.3885525161957274,2.742627943089753,2.220446049250313e-16
8,13,0.18514454209039768,0.32511283494515364,0.21277491249830505,0.32511283494515364,3.968281779699654,2.220446049250313e-16
8,14,0.3089374862788824,0.774427576123373,0.6221136385462045,0.774427576123373,1.99104659595712,2.220446049250313e-16
8,15,0.1894914063029495,0.30950290103414435,0.21392751842328164,0.30950290103414435,4.736831419208084,2.220446049250313e-16
8,16,0.16891184258707584,0.26460078245995877,0.1888293857015672,0.26460078245995877,5.295654110437378,2.220446049250313e-16
8,17,0.1710784384762873,0.3340287346916909,0.22671771221947373,0.33402873469169075,3.1496433412457105,2.220446049250313e-16
8,18,0.2097278843846189,0.4722429810150255,0.3558477048863667,0.4722429810150255,2.396752267697888,2.220446049250313e-16
8,19,0.5906358842512477,2.156403119468298,2.0896176908487236,2.156403119468298,1.1316545734897296,2.220446049250313e-16
16,0,0.11262113838560563,0.1890731586002245,0.1454552469236727,0.1890731586002245,4.41928694896949,2.220446049250313e-16
16,1,0.15833368743188359,0.31873098673349676,0.23357581477253608,0.31873098673349676,2.961403118156326,2.220446049250313e-16
16,2,0.16666858444126492,0.26566522062696435,0.19151638043439587,0.2656652206269643,5.050734778360311,2.220446049250313e-16
16,3,0.22398890236418498,0.3480099321944373,0.24343497216577076,0.3480099321944373,5.418167451215942,2.220446049250313e-16
16,4,0.4510664803839311,0.8461087516997254,0.5635950583639242,0.8461087516997254,3.4254547915710414,2.220446049250313e-16
16,5,0.15301163092743278,0.3558677813964871,0.28723461596791966,0.3558677813964871,2.2628591330403083,2.220446049250313e-16
16,6,0.08995539557972898,0.13535859052158844,0.09612761296493384,0.13535859052158844,5.94377085323535,2.220446049250313e-16
16,7,0.08418681689304433,0.15904907854751596,0.11820243046788197,0.15904907854751596,3.373668455874757,2.220446049250313e-16
16,8,0.1872591769185674,0.405952485414509,0.31909531634116745,0.40595248541450885,2.5687915858940342,4.440892098500626e-16
16,9,0.10885679003970554,0.16972002877674436,0.12398148820504536,0.16972002877674433,5.365642330176888,2.220446049250313e-16
16,10,0.11883907405942244,0.21374032321747605,0.16472831696804743,0.21374032321747605,3.756717907732749,2.220446049250313e-16
16,11,0.20847453383267409,0.34258086342200733,0.2310902019332073,0.34258086342200733,4.663639691081131,2.220446049250313e-16
16,12,0.10576336487787251,0.2011311465371849,0.15396449130063408,0.2011311465371849,3.3270155718530887,2.220446049250313e-16
16,13,0.1185752285026843,0.17894535815603685,0.13203890335343083,0.17894535815603682,5.892412150688476,2.220446049250313e-16
16,14,0.1892880756961642,0.4020345340082799,0.29124497956615014,0.4020345340082798,2.6692064892351453,2.220446049250313e-16
16,15,0.12950524911225558,0.20009069700448737,0.14657092053452295,0.20009069700448737,5.50419043780729,2.220446049250313e-16
16,16,0.10097759309708115,0.142642114679121,0.10933240005813534,0.14264211467912097,7.270761016534214,2.220446049250313e-16
16,17,0.08210647660105731,0.18035822502363064,0.15058416814648987,0.18035822502363064,2.5070233737090435,1.1102230246251565e-16
16,18,0.10609821237127408,0.1709525377053669,0.12295137337709554,0.17095253770536686,4.907839769732375,2.220446049250313e-16
16,19,0.12757220454101534,0.2238012687576179,0.16731383940413955,0.22380126875761785,3.9771415916670185,4.440892098500626e-16
32,0,0.3255670977637807,0.6417263731483944,0.4888859960033577,0.6417263731483943,3.0892697742401114,2.220446049250313e-16
32,1,0.22710639446943479,0.3228350991922919,0.23971137446276158,0.3228350991922919,7.117187946716557,2.220446049250313e-16
32,2,0.12765140562807314,0.16732899554599204,0.13004522496070578,0.16732899554599204,9.651650155073385,2.220446049250313e-16
32,3,0.18380718748677813,0.24641957726398156,0.18675060463737425,0.24641957726398156,8.80690809634459,1.1102230246251565e-16
32,4,0.14367034417057742,0.19086155503140814,0.14669219728320043,0.19086155503140811,9.133290387119041,2.220446049250313e-16
32,5,0.2440631681610287,0.6220126973368703,0.5336899656593015,0.6220126973368703,1.9372679364879795,4.440892098500626e-16
32,6,0.1120690650877973,0.14213976557003477,0.11534199940053386,0.14213976557003472,11.180557481924575,4.440892098500626e-16
32,7,0.14215517920472695,0.21178481729644455,0.15542327562832942,0.21178481729644452,6.124770274583824,2.220446049250313e-16
32,8,0.1079138552123858,0.16390682091298123,0.12676025700314336,0.16390682091298125,5.781825655891546,2.220446049250313e-16
32,9,0.11586984630930633,0.1604216835009408,0.11938475856197849,0.1604216835009408,7.802361492584872,2.220446049250313e-16
32,10,0.13256584556024423,0.18286631292217226,0.13964607496704376,0.18286631292217218,7.906438201044383,2.220446049250313e-16
32,11,0.1675374247493465,0.22208672162636733,0.1757691768520637,0.22208672162636725,9.21390930814671,2.220446049250313e-16
32,12,0.1496676490112143,0.1905947415790848,0.15368219112699166,0.19059474157908474,10.970799997313517,4.440892098500626e-16
32,13,0.15137802812128764,0.18925707208614076,0.15387190478730545,0.18925707208614073,11.989058773110603,2.220446049250313e-16
32,14,0.14835054040647977,0.29965448026188735,0.23327318226644259,0.29965448026188735,2.9414410599271257,4.440892098500626e-16
32,15,0.11563814445059314,0.14254442713515258,0.11695812182571319,0.14254442713515258,12.893435983665714,2.220446049250313e-16
32,16,0.15394722874053068,0.21051238333136235,0.16917025682545986,0.2105123833313623,8.164773694377043,2.220446049250313e-16
32,17,0.15186962886422029,0.26000792797956107,0.1921735865641453,0.26000792797956107,4.213205592467351,2.220446049250313e-16
32,18,0.11450855669098525,0.14544759227301038,0.1170208739023913,0.14544759227301038,11.10330893030607,2.220446049250313e-16
32,19,0.13680676369510603,0.2238520407036445,0.17086112911169554,0.22385204070364445,4.715020793661894,2.220446049250313e-16
64,0,0.14108703684579993,0.1769779375234559,0.15001438892682484,0.17697793752345592,11.792992166421271,2.220446049250313e-16
64,1,0.1559169529484534,0.1860205414185638,0.1564084799306986,0.1860205414185638,15.538043223976008,2.220446049250313e-16
64,2,0.15345478718533032,0.17686003473834444,0.15422217134341742,0.17686003473834444,19.66927974221343,2.220446049250313e-16
64,3,0.14131548914481415,0.2139282157587295,0.16870251234456535,0.21392821575872953,5.838459553909633,2.220446049250313e-16
64,4,0.16372084339463258,0.1929605405466005,0.16519610742518373,0.19296054054660053,16.79779813146397,3.3306690738754696e-16
64,5,0.11594862207671211,0.15450434853951212,0.12333664068200989,0.15450434853951212,9.021898901729974,2.220446049250313e-16
64,6,0.14052164543865792,0.17829033222719382,0.14425130041493617,0.17829033222719382,11.161757851849206,2.220446049250313e-16
64,7,0.12703745147941553,0.1545502671566865,0.1294953074532923,0.15455026715668652,13.852175615493008,2.220446049250313e-16
64,8,0.21280753289895563,0.2802428237652369,0.21542329543192615,0.28024282376523696,9.467188329665678,2.220446049250313e-16
64,9,0.17215025455740304,0.20016246485775468,0.1722969369063678,0.20016246485775468,18.436630245694236,2.220446049250313e-16
64,10,0.1156402498137355,0.13451819093903067,0.1159737550351047,0.13451819093903067,18.37704372201676,2.220446049250313e-16
64,11,0.13570328879917956,0.16336638205040382,0.13622733635973094,0.16336638205040382,14.71671525307541,2.220446049250313e-16
64,12,0.1342398591004932,0.16266522847033094,0.13627100425587357,0.16266522847033094,14.167611054117272,2.220446049250313e-16
64,13,0.14717232114398976,0.1884131531091787,0.15072718314301253,0.18841315310917875,10.705820964151508,3.3306690738754696e-16
64,14,0.12140303972500541,0.17570977818637418,0.13991545869668331,0.17570977818637418,6.7065180029932625,2.220446049250313e-16
64,15,0.15266574687379855,0.23607678438144136,0.1849279780867184,0.23607678438144136,5.490846946717702,2.220446049250313e-16
64,16,0.1278728229495913,0.17759681619817147,0.14175589070342565,0.1775968161981715,7.71495698125027,2.220446049250313e-16
64,17,0.17338814823719784,0.22357630540209947,0.17881180791609907,0.22357630540209944,10.364286598579564,2.220446049250313e-16
64,18,0.13431823760224734,0.15737449086895716,0.13584402878980176,0.15737449086895716,17.477024915776596,2.220446049250313e-16
64,19,0.13001821061410257,0.17072761237867629,0.13650124297812274,0.17072761237867629,9.581438560508216,2.220446049250313e-16
